{"pointStart": 1230764400000, "data": [0.14110899999999998, 0.14748, 0.15625699999999998, 0.1625955, 0.163126, 0.1626845, 0.1686185, 0.171062, 0.169018, 0.1717105, 0.17043750000000002, 0.162285, 0.172147, 0.1809055, 0.1816145, 0.162499, 0.1488665, 0.14039400000000002, 0.136871, 0.133878, 0.127357, 0.1301955, 0.13472299999999998, 0.14302949999999998, 0.1480735, 0.1446385, 0.144111, 0.149838, 0.15339350000000002, 0.158074, 0.15028750000000002, 0.1397985, 0.132204, 0.121055, 0.12350050000000001, 0.1259625, 0.131077, 0.133405, 0.130277, 0.1390655, 0.148224, 0.16065400000000002, 0.16206399999999999, 0.16601, 0.1621095, 0.162752, 0.162242, 0.16707349999999999, 0.165945, 0.159011, 0.172838, 0.174915, 0.18632300000000002, 0.2058795, 0.20673750000000002, 0.21446199999999999, 0.215785, 0.2132715, 0.22175899999999998, 0.23093950000000002, 0.2243865, 0.2230695, 0.21813100000000002, 0.2096035, 0.191446, 0.1844895, 0.194379, 0.20069350000000002, 0.203978, 0.20320549999999998, 0.212474, 0.236742, 0.2541515, 0.2508795, 0.243644, 0.24079499999999998, 0.2526525, 0.251953, 0.2682285, 0.273587, 0.277256, 0.262344, 0.2737995, 0.3121125, 0.316442, 0.33564499999999997, 0.336727, 0.3537, 0.3672835, 0.3608095, 0.37926899999999997, 0.363014, 0.34348100000000004, 0.350461, 0.3677045, 0.326042, 0.2976275, 0.2774185, 0.2889845, 0.30301500000000003, 0.28659049999999997, 0.288822, 0.290118, 0.285669, 0.267327, 0.25255099999999997, 0.257706, 0.234227, 0.211692, 0.2006015, 0.2074745, 0.18952750000000002, 0.16025499999999998, 0.15356799999999998, 0.156567, 0.1536385, 0.147649, 0.1461555, 0.14997300000000002, 0.16639900000000002, 0.164346, 0.15369349999999998, 0.151084, 0.152708, 0.1440495, 0.153163, 0.160032, 0.1596945, 0.1732745, 0.185414, 0.1921035, 0.192118, 0.2070505, 0.214475, 0.19614900000000002, 0.1772915, 0.14450249999999998, 0.16614600000000002, 0.18092249999999999, 0.187048, 0.214576, 0.222274, 0.22849799999999998, 0.2127375, 0.2177085, 0.20845950000000002, 0.23774250000000002, 0.261927, 0.293506, 0.304389, 0.2948905, 0.30081800000000003, 0.2979665, 0.3001825, 0.32436299999999996, 0.33608000000000005, 0.3345825, 0.3344915, 0.334276, 0.3370255, 0.351317, 0.3734535, 0.390934, 0.391416, 0.4003985, 0.414565, 0.40254, 0.403312, 0.385857, 0.373469, 0.38295100000000004, 0.38441000000000003, 0.42406699999999997, 0.368522, 0.352163, 0.35486300000000004, 0.322621, 0.3595845, 0.4249815, 0.416227, 0.347097, 0.4736835, 0.5107945, 0.5741085, 0.6450665, 0.6512530000000001, 0.6141125000000001, 0.609533, 0.6522915, 0.590381, 0.556122, 0.576687, 0.6485920000000001, 0.6869430000000001, 0.652228, 0.651268, 0.5595685, 0.6302825, 0.8309595000000001, 0.8157375, 0.9029054999999999, 0.796118, 0.6820109999999999, 0.7465435, 0.8578065, 0.8818285, 1.0156955, 0.9895915, 1.0767514999999999, 1.185, 0.934289, 0.746251, 0.700996, 0.6983714999999999, 0.6244704999999999, 0.480412, 0.3934105, 0.4159625, 0.417847, 0.4012535, 0.38185, 0.4214675, 0.3863075, 0.490073, 0.48766299999999996, 0.545336, 0.4969495, 0.48521499999999995, 0.32571249999999996, 0.2101205, 0.186298, 0.132111, 0.126115, 0.1150105, 0.10996349999999999, 0.12611050000000001, 0.109931, 0.1148385, 0.1233705, 0.1315905, 0.136148, 0.1320825, 0.1340005, 0.12219150000000001, 0.11161650000000001, 0.114171, 0.0898395, 0.046873, 0.034986500000000004, 0.029096999999999998, 0.02778, 0.028061, 0.0284625, 0.0285565, 0.029956000000000003, 0.027029499999999998, 0.025935, 0.02631, 0.026912, 0.026517, 0.026064999999999998, 0.0248975, 0.025271500000000002, 0.0276715, 0.029899500000000002, 0.030033, 0.0240265, 0.022380499999999998, 0.0220715, 0.0218205, 0.0229095, 0.02152, 0.0215935, 0.0261025, 0.029394999999999998, 0.028229999999999998, 0.0277315, 0.026223, 0.026568500000000002, 0.027019, 0.0269765, 0.026361, 0.026198, 0.0279185, 0.0293915, 0.028733500000000002, 0.026442, 0.0259985, 0.027554500000000003, 0.029663000000000002, 0.0311675, 0.0337615, 0.029505499999999997, 0.024294, 0.021776, 0.0218625, 0.0215745, 0.021872500000000003, 0.019334999999999998, 0.019951, 0.021506499999999998, 0.021835, 0.024057500000000002, 0.025028500000000002, 0.02479], "pointInterval": 3600000, "dataLength": 305}