{"pointStart": 1230764400000, "data": [13.645, 13.55, 13.51, 14.18, 14.295, 13.545, 13.23, 12.775, 11.95, 12.125, 12.115, 12.18, 12.43, 13.059999999999999, 13.29, 13.379999999999999, 12.795, 12.21, 12.120000000000001, 12.235, 12.335, 12.57, 13.165, 13.86, 14.175, 13.915, 13.635, 13.895, 14.120000000000001, 14.43, 14.440000000000001, 14.415, 14.735, 14.215, 14.305, 14.100000000000001, 14.43, 14.45, 14.565, 15.709999999999999, 16.25, 16.595, 16.3, 16.575000000000003, 16.705, 16.495, 15.46, 15.17, 14.585, 14.875, 15.575, 14.585, 14.76, 16.425, 16.23, 16.810000000000002, 16.355, 14.940000000000001, 14.175, 14.64, 14.43, 14.1, 13.315000000000001, 12.535, 12.225, 12.225, 12.559999999999999, 12.95, 13.004999999999999, 12.695, 13.129999999999999, 14.295, 14.305, 14.03, 14.805, 14.135, 12.620000000000001, 12.26, 12.89, 12.765, 13.145, 12.7, 13.34, 14.435, 13.945, 13.535, 13.48, 14.24, 14.355, 14.46, 14.495000000000001, 14.175, 13.96, 14.635, 14.98, 14.780000000000001, 14.475, 13.98, 14.49, 14.635, 13.34, 13.105, 13.055, 12.325, 12.235, 11.96, 12.065000000000001, 12.57, 13.25, 13.415, 13.254999999999999, 12.43, 12.004999999999999, 12.125, 12.08, 12.315, 12.45, 12.34, 12.379999999999999, 12.719999999999999, 13.14, 11.835, 10.84, 10.84, 10.245000000000001, 10.95, 11.82, 11.555, 11.935, 13.4, 13.219999999999999, 10.76, 10.24, 9.684999999999999, 8.95, 8.879999999999999, 8.41, 9.08, 9.015, 8.91, 9.61, 9.45, 8.145, 7.9, 7.99, 7.75, 8.629999999999999, 9.185, 9.65, 10.27, 10.145, 10.29, 10.34, 10.5, 10.785, 10.46, 9.595, 9.215, 9.309999999999999, 9.195, 9.260000000000002, 9.67, 10.489999999999998, 10.92, 11.19, 11.41, 10.815, 10.69, 9.82, 9.059999999999999, 9.055, 8.745000000000001, 9.605, 9.115, 8.405000000000001, 8.285, 7.075, 7.34, 8.925, 9.44, 8.84, 10.05, 10.99, 11.915, 13.175, 13.504999999999999, 13.165, 12.94, 13.600000000000001, 13.489999999999998, 12.870000000000001, 13.18, 14.805, 15.84, 14.815000000000001, 14.735, 12.6, 15.035, 21.465, 20.695, 22.520000000000003, 22.42, 19.22, 16.44, 18.560000000000002, 17.285, 20.505, 19.165, 12.905, 9.195, 9.055, 8.67, 8.33, 8.275, 7.975, 9.035, 9.175, 9.895, 8.559999999999999, 6.105, 4.745, 4.72, 4.359999999999999, 5.255, 5.359999999999999, 6.0649999999999995, 5.75, 5.71, 4.325, 3.7750000000000004, 2.965, 2.7249999999999996, 2.695, 2.66, 2.455, 2.6, 2.565, 2.7, 2.565, 2.615, 2.42, 2.215, 2.06, 2.0300000000000002, 1.9049999999999998, 1.8649999999999998, 1.915, 1.87, 1.885, 1.825, 1.69, 1.58, 1.59, 1.605, 1.6099999999999999, 1.635, 1.5899999999999999, 1.54, 1.6099999999999999, 1.56, 1.655, 1.63, 1.565, 1.7650000000000001, 1.855, 2.03, 1.92, 1.685, 1.575, 1.5499999999999998, 1.5499999999999998, 1.385, 1.2850000000000001, 1.28, 1.3399999999999999, 1.28, 1.21, 1.17, 1.165, 1.1800000000000002, 1.22, 1.2599999999999998, 1.19, 1.24, 1.22, 1.295, 1.3, 1.315, 1.415, 1.495, 1.545, 1.475, 1.345, 1.3599999999999999, 1.42, 1.405, 1.395, 1.4100000000000001, 1.5550000000000002, 1.62, 1.58, 1.69, 1.8499999999999999, 1.745, 1.395, 1.27, 1.255, 1.29, 1.027849, 0.899647, 0.854942, 0.762284, 0.7426225, 0.711707, 0.733028, 0.78003, 0.8483925000000001, 0.8623164999999999, 0.7742709999999999, 0.836655, 0.687986, 0.8118295, 0.9601205, 1.098816, 1.0010000000000001, 0.9261925, 0.9465304999999999, 1.1733004999999999, 1.2333725, 0.95275, 0.9303110000000001, 1.096505, 1.72, 2.285, 2.255, 2.305, 2.23, 2.16, 2.065, 2.085, 2.25, 2.56, 2.4699999999999998, 2.715, 2.47, 2.67, 2.385, 2.075, 2.32, 1.7149999999999999, 1.2650000000000001, 1.151686, 1.097882, 0.7329950000000001, 0.4067905, 0.3603605, 0.297514, 0.24139149999999998, 0.1873455, 0.1415325, 0.130184, 0.12586150000000002, 0.1052275, 0.103049, 0.099286, 0.1011875, 0.1049745, 0.10565, 0.106186, 0.105246, 0.10468350000000001, 0.1041395, 0.108686], "pointInterval": 3600000, "dataLength": 373}