{"pointStart": 1230764400000, "data": [7.1850000000000005, 7.475, 7.92, 8.295, 8.29, 8.27, 8.52, 8.61, 8.205, 8.135, 8.030000000000001, 7.970000000000001, 8.115, 8.445, 8.835, 8.39, 7.6899999999999995, 7.22, 6.97, 7.005, 6.915, 7.13, 7.515, 8.22, 8.92, 8.745000000000001, 8.61, 8.940000000000001, 8.975000000000001, 9.059999999999999, 8.465, 8.015, 7.995, 7.515, 7.720000000000001, 7.795, 7.8950000000000005, 8.14, 7.78, 8.489999999999998, 9.46, 10.54, 10.475, 10.67, 10.530000000000001, 10.594999999999999, 10.58, 10.93, 10.65, 9.89, 10.755, 11.145, 12.3, 14.43, 14.215, 14.165, 13.870000000000001, 13.600000000000001, 14.105, 14.79, 13.905, 12.195, 12.335, 12.195, 11.71, 12.285, 12.370000000000001, 12.415, 12.34, 11.745000000000001, 11.61, 12.89, 13.715, 13.620000000000001, 13.004999999999999, 12.629999999999999, 13.075, 12.615, 13.545, 14.205, 14.530000000000001, 13.915, 16.17, 18.125, 17.71, 18.39, 17.64, 17.38, 17.855, 17.265, 18.225, 18.965000000000003, 17.695, 19.25, 20.884999999999998, 18.1, 16.47, 14.745000000000001, 14.57, 13.865, 11.555, 11.32, 10.98, 10.54, 9.2, 8.82, 8.54, 8.115, 8.175, 8.504999999999999, 8.899999999999999, 8.525, 7.405, 5.9350000000000005, 5.9350000000000005, 5.93, 5.945, 6.085, 5.98, 5.875, 6.005000000000001, 5.76, 5.645, 6.09, 6.03, 6.145, 6.1850000000000005, 5.86, 5.995, 6.625, 6.875, 6.779999999999999, 6.83, 6.61, 5.925000000000001, 5.465, 4.3149999999999995, 4.86, 5.135, 5.125, 5.609999999999999, 5.82, 5.975, 5.925000000000001, 6.15, 5.8100000000000005, 6.4399999999999995, 6.77, 7.58, 8.17, 7.984999999999999, 8.13, 8.385, 8.465, 8.815000000000001, 8.45, 8.035, 7.945, 8.335, 8.344999999999999, 8.445, 8.92, 9.635, 9.575, 9.715, 10.055, 9.969999999999999, 10.035, 9.594999999999999, 8.985, 8.87, 8.629999999999999, 9.48, 8.91, 8.125, 8.105, 7.155, 7.895, 9.309999999999999, 9.49, 8.93, 11.15, 11.375, 12.665, 14.485, 14.69, 14.3, 13.975000000000001, 14.315, 13.245000000000001, 12.84, 14.015, 14.025, 13.504999999999999, 10.844999999999999, 10.58, 9.120000000000001, 10.82, 13.875, 14.740000000000002, 16.125, 13.059999999999999, 10.865, 10.155000000000001, 9.375, 10.51, 12.73, 11.52, 10.955, 11.129999999999999, 9.54, 9.344999999999999, 8.809999999999999, 8.705, 8.925, 9.545, 9.49, 10.3, 9.865, 8.865, 7.91, 8.715, 8.68, 11.629999999999999, 11.485, 11.065000000000001, 8.530000000000001, 8.595, 8.695, 7.645, 7.955, 6.175, 4.995, 4.105, 3.81, 4.24, 4.165, 4.04, 4.65, 4.08, 3.815, 3.7800000000000002, 3.6, 2.9850000000000003, 2.765, 2.935, 2.91, 2.66, 2.3, 1.925, 1.8199999999999998, 1.915, 1.885, 1.98, 1.935, 1.9, 1.8199999999999998, 1.71, 1.705, 1.6400000000000001, 1.4249999999999998, 1.135, 1.1099999999999999, 1.095, 1.08744, 1.17, 1.0635115, 0.95409, 0.992333, 1.0726594999999999, 1.175, 1.225, 1.097162, 1.0143085, 0.727053, 0.6941539999999999, 0.608649, 0.5305725, 0.5131275, 0.5162865, 0.508779, 0.5068745, 0.4994265, 0.5218255, 0.5268364999999999, 0.560145, 0.5671459999999999, 0.537371, 0.554143, 0.5716025, 0.5749725, 0.5983455, 0.5912615, 0.6082155, 0.5897030000000001, 0.562354, 0.5755595, 0.5914925, 0.588364, 0.600155, 0.598141, 0.609658, 0.6425285000000001, 0.6751659999999999, 0.699676, 0.7330775, 0.7700925, 0.7237265, 0.5972085, 0.568387, 0.5586715, 0.5645065, 0.5771305, 0.5567295, 0.5803625, 0.6337740000000001, 0.678088, 0.6785695, 0.6225925, 0.6460710000000001, 0.6041915, 0.6638850000000001, 0.7564329999999999, 0.790728, 0.734073, 0.759523, 0.793226, 0.8744875000000001, 0.9266945, 0.9615025, 0.8155645, 1.021312, 1.2349999999999999, 1.31, 1.295, 1.275, 1.26, 1.33, 1.34, 1.355, 1.37, 1.3900000000000001, 1.385, 1.405, 1.3, 1.355, 1.3900000000000001, 1.38, 1.47, 1.565, 1.615, 1.7000000000000002, 1.605, 1.63, 1.74, 1.82, 1.8599999999999999, 1.88, 1.915, 1.77, 1.81, 1.87, 1.8250000000000002, 1.78, 1.79, 1.745, 1.75, 1.775, 1.75, 1.93, 1.855, 1.605, 1.72, 1.885, 1.94, 1.905, 1.875, 1.665, 1.665, 1.615, 1.4100000000000001, 1.27, 1.425, 1.655, 1.92, 1.815, 1.62, 2.055, 2.44, 2.495, 3.0300000000000002, 3.44, 3.125, 3.5600000000000005, 4.015000000000001, 1.851324, 1.0297830000000001], "pointInterval": 3600000, "dataLength": 397}