{"pointStart": 1230764400000, "data": [422.96, 443.845, 458.29499999999996, 466.53499999999997, 467.28999999999996, 465.755, 472.56, 474.67, 465.855, 459.75, 464.51, 456.92999999999995, 456.5, 474.19, 493.895, 488.85, 463.73, 443.96000000000004, 435.45000000000005, 436.55, 434.655, 438.41499999999996, 456.14, 483.01, 495.81, 479.25, 468.63, 473.93, 468.31, 473.21500000000003, 463.12, 451.765, 447.505, 424.87, 431.65, 434.53999999999996, 446.99, 459.62, 450.915, 470.76, 492.035, 533.99, 530.1949999999999, 529.3299999999999, 507.93499999999995, 503.145, 496.035, 504.385, 495.505, 480.45, 515.095, 526.065, 553.115, 603.0699999999999, 602.2, 608.915, 604.02, 596.155, 603.5899999999999, 607.885, 587.2, 578.375, 571.3050000000001, 564.285, 544.2049999999999, 544.3, 576.6, 594.8399999999999, 596.405, 584.0150000000001, 612.2950000000001, 672.505, 705.885, 708.21, 701.185, 679.42, 693.83, 696.37, 720.02, 718.98, 708.315, 667.74, 703.405, 746.7049999999999, 739.0, 751.19, 752.97, 799.97, 805.85, 783.19, 735.465, 678.13, 655.97, 680.28, 684.135, 668.0450000000001, 665.95, 633.595, 653.635, 676.14, 633.865, 617.3199999999999, 600.22, 589.5, 545.575, 514.07, 510.29499999999996, 517.225, 517.29, 500.15, 504.56500000000005, 455.235, 421.505, 404.885, 409.93, 394.095, 381.5, 376.055, 378.77, 396.39, 401.25, 386.38, 382.16499999999996, 405.71000000000004, 389.28, 418.31, 455.53499999999997, 470.71500000000003, 498.40999999999997, 525.74, 535.73, 526.31, 550.33, 570.09, 544.145, 538.61, 505.865, 579.125, 605.515, 600.065, 648.44, 698.04, 712.89, 701.975, 715.365, 688.635, 734.97, 776.0799999999999, 831.875, 861.72, 854.115, 861.83, 864.4, 866.1099999999999, 872.615, 881.6800000000001, 861.355, 837.765, 849.04, 840.5550000000001, 839.3, 871.47, 929.11, 939.665, 949.19, 958.6700000000001, 933.9300000000001, 931.53, 885.355, 849.7750000000001, 846.725, 823.755, 871.49, 836.415, 800.465, 787.315, 685.4300000000001, 750.625, 887.045, 919.815, 896.875, 1073.085, 1081.58, 1121.8000000000002, 1212.8899999999999, 1184.775, 1082.05, 1038.69, 1069.7, 1014.125, 971.885, 1009.92, 1088.5900000000001, 1106.03, 1048.4650000000001, 1034.0349999999999, 935.575, 1084.085, 1340.5949999999998, 1343.385, 1351.6750000000002, 1208.065, 1236.2350000000001, 1321.99, 1233.2350000000001, 1141.49, 1098.0900000000001, 1027.665, 1015.8600000000001, 995.585, 921.46, 843.59, 762.265, 735.235, 719.5250000000001, 749.865, 732.2550000000001, 763.8299999999999, 773.8599999999999, 740.6949999999999, 668.345, 721.815, 685.72, 836.615, 800.53, 833.6400000000001, 746.5799999999999, 716.0350000000001, 699.5899999999999, 659.095, 709.0550000000001, 672.895, 580.905, 478.035, 451.15, 480.2, 444.21500000000003, 427.905, 441.46, 465.61, 464.04499999999996, 467.33000000000004, 466.445, 450.46000000000004, 433.37, 473.68999999999994, 474.415, 480.94, 462.165, 473.12, 441.865, 400.82, 370.78499999999997, 361.58000000000004, 362.71500000000003, 358.015, 338.655, 331.24, 329.885, 335.36, 328.47, 317.72, 308.83, 308.82, 309.63, 318.255, 305.9, 297.80499999999995, 299.57000000000005, 298.245, 300.64, 298.0, 287.54, 298.49, 308.21500000000003, 307.425, 305.07, 296.97, 296.65999999999997, 298.145, 296.285, 297.31, 286.66499999999996, 299.155, 297.85, 307.46500000000003, 311.27, 303.94, 322.635, 340.69500000000005, 331.57500000000005, 341.34000000000003, 324.13, 306.22, 301.745, 299.65999999999997, 298.745, 310.28499999999997, 309.055, 301.895, 293.44, 295.14, 294.12, 298.75, 299.125, 297.53499999999997, 289.845, 301.33500000000004, 297.41999999999996, 290.385, 287.7, 285.53999999999996, 273.645, 263.38, 270.815, 284.47, 285.125, 272.865, 246.12, 250.40499999999997, 226.84499999999997, 247.375, 275.865, 299.21500000000003, 293.685, 281.865, 293.555, 307.4, 326.73, 324.07500000000005, 293.43, 313.53499999999997, 349.36, 358.725, 386.755, 381.245, 375.36, 360.775, 345.23, 341.125, 331.45000000000005, 331.1, 322.52, 319.375, 312.635, 322.14, 296.505, 293.925, 300.23, 305.64, 294.4, 289.87, 301.61, 300.065, 312.73, 301.85, 298.26, 297.70500000000004, 282.855, 264.325, 261.95, 239.23, 224.84, 224.08999999999997, 223.815, 216.215, 198.64, 202.345, 194.16500000000002, 198.60000000000002, 203.85, 202.775, 210.58499999999998, 224.995, 224.7, 224.785, 224.065, 218.56, 218.695, 225.025, 176.39499999999998, 152.865, 185.405, 199.235, 215.94, 210.18, 201.83999999999997, 220.015, 248.62, 255.01500000000001, 259.055, 271.995, 268.28999999999996, 280.25, 286.14, 279.015, 281.185, 301.805, 314.03999999999996, 304.755, 260.115, 275.055, 308.72, 332.855, 341.5, 336.325, 340.40999999999997, 364.45500000000004, 373.435, 379.71, 371.70500000000004, 357.235, 332.57, 370.765, 390.62, 377.96000000000004, 335.59000000000003, 316.135, 272.255, 258.115, 259.355, 257.175, 246.26, 237.195, 222.695, 224.495, 225.35, 226.265, 211.5, 180.82999999999998, 168.765, 143.695, 171.985, 190.745, 205.41, 176.74, 177.11, 142.46, 129.17, 115.305, 93.605, 87.85, 91.34, 91.13, 90.43, 90.235, 90.89, 95.515, 89.07, 86.725, 92.325, 94.055, 94.41499999999999, 97.725, 88.495, 77.93, 76.865, 77.805, 73.685, 69.34, 66.49, 57.230000000000004, 51.675, 50.055, 49.525, 48.53, 48.455, 48.9, 49.06, 49.105000000000004, 49.665, 48.4, 48.665, 48.375, 48.405, 48.61, 45.17, 43.775, 43.28, 43.69, 43.47, 42.845, 43.269999999999996, 46.19, 43.730000000000004, 46.114999999999995, 48.35, 50.405, 49.575, 52.59, 52.209999999999994, 50.055, 50.695, 50.54, 50.945, 48.675, 43.025, 41.605000000000004, 43.315, 44.334999999999994, 41.17, 39.285, 46.66, 41.265, 31.745, 28.625, 27.05, 22.41, 20.3, 18.67, 17.12, 17.765, 19.134999999999998, 19.605, 18.825000000000003, 19.34, 19.54, 18.15, 16.465, 15.59, 14.975, 13.969999999999999, 13.350000000000001, 13.055, 12.885000000000002, 12.655000000000001, 12.49, 12.665, 12.79, 12.754999999999999, 12.785, 12.73, 12.84, 12.309999999999999, 11.280000000000001, 11.350000000000001, 11.335, 11.059999999999999, 11.135, 11.435, 11.51, 11.41, 11.405000000000001, 11.315000000000001, 10.934999999999999, 10.72, 10.705, 10.65, 10.59, 10.51, 10.504999999999999, 10.524999999999999, 10.59, 10.55, 10.67, 10.754999999999999, 10.775, 10.780000000000001, 10.555, 10.309999999999999, 10.23, 10.075, 9.754999999999999, 9.8, 9.665, 9.68, 9.629999999999999, 10.06, 10.489999999999998, 10.46, 10.11, 9.934999999999999, 10.13, 10.645, 10.42, 9.16, 8.245000000000001, 8.225000000000001, 8.035, 8.260000000000002, 8.035, 7.35, 7.205, 7.1899999999999995, 7.24, 7.28, 7.425000000000001, 7.705, 7.800000000000001, 7.66, 7.75, 7.824999999999999, 7.71, 7.865, 7.98, 8.385, 8.44, 8.39, 8.184999999999999, 8.274999999999999, 8.36, 8.545, 7.935, 6.95, 7.15, 7.695, 7.91, 7.94, 8.504999999999999, 8.455, 8.31, 8.865, 9.055, 9.405000000000001, 9.48, 9.39, 9.86, 9.915, 9.59, 9.615, 9.615, 9.745000000000001, 10.055, 10.129999999999999, 10.085, 10.06, 10.125, 10.02, 10.415, 10.594999999999999, 10.525, 10.83, 10.870000000000001, 11.05, 11.06, 10.969999999999999, 10.934999999999999, 10.925, 10.74, 11.219999999999999, 10.87, 10.379999999999999, 11.265, 11.434999999999999, 11.52, 11.57, 12.004999999999999, 12.04, 12.07, 12.115, 12.145, 12.265, 12.465, 11.945, 11.969999999999999, 11.89, 11.985, 11.955, 11.89, 11.955, 11.84, 12.17, 12.370000000000001, 12.76, 12.915, 13.195, 13.370000000000001, 13.34, 13.22, 13.18, 13.18, 13.205, 13.280000000000001, 13.035, 12.955, 12.955, 13.01, 13.274999999999999, 13.07, 13.8, 13.774999999999999, 12.805, 12.575, 12.6, 12.325, 12.030000000000001, 11.93, 11.985, 11.78, 11.9, 11.879999999999999, 11.535, 11.475, 11.625, 11.600000000000001, 11.7, 11.629999999999999, 11.855, 12.095, 12.115, 11.43, 11.13, 10.969999999999999, 11.035, 11.215, 11.33, 11.205, 11.08, 11.065000000000001, 11.205, 11.120000000000001, 11.025, 10.765, 10.875, 10.95, 11.120000000000001, 11.155000000000001, 11.395, 11.649999999999999, 11.84, 11.95, 12.22, 11.825, 11.094999999999999, 10.934999999999999, 10.614999999999998, 10.969999999999999, 10.725, 9.65, 9.67, 11.475, 12.030000000000001, 12.63, 12.71, 12.74, 