{"pointStart": 1230764400000, "data": [6.77, 7.154999999999999, 7.49, 7.74, 7.79, 7.805, 7.994999999999999, 8.07, 7.935, 7.99, 7.975, 7.775, 8.09, 8.565000000000001, 8.835, 8.545, 8.094999999999999, 7.79, 7.640000000000001, 7.715, 7.725, 7.869999999999999, 8.25, 8.83, 9.18, 9.19, 8.785, 8.89, 9.0, 9.129999999999999, 8.844999999999999, 8.66, 8.415, 7.975, 8.375, 8.765, 8.655000000000001, 8.245, 8.35, 8.925, 9.629999999999999, 10.49, 10.425, 10.66, 10.625, 10.7, 10.684999999999999, 10.899999999999999, 10.89, 10.86, 11.86, 11.739999999999998, 12.355, 13.42, 13.36, 13.805, 13.665, 13.68, 14.21, 14.765, 14.605, 13.895, 13.275, 13.184999999999999, 12.809999999999999, 12.885000000000002, 13.21, 13.41, 13.585, 13.555, 14.29, 15.66, 16.53, 16.555, 15.975, 15.635000000000002, 16.165, 16.48, 17.744999999999997, 17.57, 17.020000000000003, 15.79, 17.174999999999997, 19.465, 20.19, 21.240000000000002, 21.905, 22.744999999999997, 22.58, 22.66, 22.634999999999998, 22.09, 21.92, 23.86, 22.1, 21.009999999999998, 20.615000000000002, 19.94, 20.64, 22.085, 20.16, 19.325, 19.465, 19.405, 18.1, 16.945, 16.475, 16.3, 16.375, 15.835, 16.415, 15.125, 13.94, 13.285, 13.83, 13.184999999999999, 13.175, 13.1, 13.355, 14.255, 14.765, 14.01, 13.594999999999999, 14.530000000000001, 14.25, 14.95, 15.780000000000001, 15.850000000000001, 16.775, 18.07, 18.619999999999997, 18.575, 19.195, 20.1, 20.295, 17.005, 12.455, 14.09, 15.27, 15.489999999999998, 17.3, 18.335, 18.990000000000002, 18.77, 19.14, 18.740000000000002, 21.135, 23.335, 25.979999999999997, 26.75, 25.765, 26.16, 26.285, 26.45, 27.295, 28.705, 27.475, 25.799999999999997, 27.314999999999998, 26.57, 27.335, 29.385, 32.214999999999996, 32.06, 31.825, 33.18, 32.97, 32.72, 31.305, 29.505000000000003, 29.195, 28.235, 31.835, 28.785, 24.665, 22.759999999999998, 20.495, 23.200000000000003, 28.03, 28.695, 28.935000000000002, 38.405, 38.5, 40.175, 43.92, 41.91, 39.315, 38.78, 40.83, 40.325, 38.355000000000004, 40.27, 46.349999999999994, 45.185, 38.825, 37.06999999999999, 32.81, 40.599999999999994, 55.230000000000004, 51.71, 53.32, 48.17, 48.754999999999995, 53.129999999999995, 55.235, 69.535, 95.225, 82.68, 62.84, 58.715, 59.15, 61.105000000000004, 61.974999999999994, 62.105000000000004, 61.025, 56.9, 51.525, 54.555, 57.705, 55.51, 53.185, 55.455, 49.81, 63.05499999999999, 63.39, 64.525, 41.95, 29.465, 30.005000000000003, 25.17, 18.825, 17.045, 14.2, 12.8, 11.415, 12.155, 12.525, 13.3, 12.5, 13.515, 13.34, 13.085, 13.0, 12.705, 12.485, 13.855, 15.25, 14.585, 14.620000000000001, 14.455, 13.985, 14.015, 14.055, 14.2, 14.65, 13.885, 13.635, 12.96, 12.765, 11.620000000000001, 11.46, 11.3, 11.275, 11.735, 11.690000000000001, 12.09, 11.555, 10.885, 10.620000000000001, 10.195, 10.11, 10.059999999999999, 9.695, 10.165, 10.615, 10.385, 10.36, 10.280000000000001, 10.445, 10.62, 10.645, 10.49, 10.175, 10.81, 10.925, 13.155, 11.785, 11.41, 11.649999999999999, 10.940000000000001, 10.375, 11.035, 10.805, 11.75, 12.075, 12.045, 11.725000000000001, 11.625, 11.725, 11.705, 11.4, 11.895, 11.45, 11.905000000000001, 12.094999999999999, 10.7, 9.575, 9.58, 9.625, 9.735, 8.815, 8.035, 7.845000000000001, 7.59, 8.075, 8.760000000000002, 9.225, 9.41, 8.19, 8.205, 7.61, 9.89, 12.565, 14.085, 13.67, 12.36, 13.045000000000002, 14.254999999999999, 12.73, 11.415, 10.42, 12.83, 15.465, 17.285, 17.705, 17.384999999999998, 16.815, 18.16, 15.605, 15.3, 14.43, 13.35, 12.885000000000002, 11.754999999999999, 10.79, 11.344999999999999, 11.585, 11.024999999999999, 12.045, 13.594999999999999, 14.785, 14.565000000000001, 15.76, 14.315, 14.16, 15.344999999999999, 14.704999999999998, 11.850000000000001, 11.79, 11.36, 9.955, 8.66, 8.195, 7.015000000000001, 6.505000000000001, 6.205, 5.895, 5.65, 5.62, 6.025, 6.22, 5.885, 6.645, 6.88, 6.88, 7.735, 8.08, 6.6850000000000005, 5.705, 4.81, 4.1899999999999995, 3.975, 4.205, 4.824999999999999, 5.57, 5.025, 4.655, 5.890000000000001, 6.965, 6.375, 7.71, 8.65, 8.645, 9.43, 9.32, 9.295, 11.245, 12.115, 13.21, 14.325, 13.565, 12.8, 15.53, 17.435000000000002, 15.274999999999999, 12.094999999999999, 11.965, 11.66, 10.780000000000001, 10.844999999999999, 11.235, 11.21, 10.805, 12.149999999999999, 11.745000000000001, 11.344999999999999, 11.665, 11.61, 12.21, 11.399999999999999, 11.395, 11.094999999999999, 11.73, 12.059999999999999, 12.545, 10.73, 6.574999999999999, 4.6899999999999995, 4.800000000000001, 4.62, 4.625, 3.8600000000000003, 4.36, 5.43, 6.22], "pointInterval": 3600000, "dataLength": 435}