{"pointStart": 1230764400000, "data": [0.997377, 1.00267, 1.0019935, 0.9975525000000001, 0.997803, 0.9955895, 0.9964335, 0.992504, 0.996695, 0.995976, 1.002378, 0.9978655000000001, 1.0021395, 0.9966655, 1.0017019999999999, 0.994891, 0.9941485, 0.998332, 1.0040155, 1.0028955, 1.0022335, 1.004449, 1.0039095, 1.005, 1.005, 0.999514, 1.004346, 1.004741, 0.9967185000000001, 0.9976715, 0.9965965, 1.003508, 1.001341, 1.0001305, 0.9948945, 0.995742, 1.000256, 0.9973595, 0.995868, 1.0003104999999999, 1.010487, 1.0020375000000001, 1.002217, 1.002423, 1.000582, 1.0042265000000001, 0.998992, 1.0025515, 1.0015175, 1.012158, 1.0093345, 1.000828, 1.0045155000000001, 1.004597, 1.002165, 1.003121, 1.0004385, 1.0004395, 1.0026285, 0.9934235, 0.9981154999999999, 1.0023469999999999, 1.0023455000000001, 1.0025789999999999, 0.997895, 0.998739, 1.0007755, 0.9964525, 1.0002765, 1.0018639999999999, 1.0030265, 1.003031, 1.0034225, 0.995378, 1.002125, 0.996866, 1.0033735, 1.000192, 1.0019265, 0.9997535, 1.001624, 1.0023675, 0.996498, 1.0029919999999999, 1.0015585, 1.0023374999999999, 1.000425, 1.0011605000000001, 0.9961865, 1.001102, 1.00196, 0.9963679999999999, 1.0018164999999999, 1.0014605, 1.001152, 1.0005074999999999, 1.002561, 1.0011904999999999, 1.003037, 1.0001484999999999, 0.99439, 0.9995955000000001, 1.001908, 0.9941424999999999, 0.9964445, 0.996642, 1.0006599999999999, 1.002877, 0.998282, 1.001997, 0.999717, 1.0030125, 0.9962605, 0.995872, 1.0016965, 1.0025455, 0.9982599999999999, 1.000688, 0.9987170000000001, 1.002135, 1.0025365, 0.9990300000000001, 0.9953890000000001, 1.0017845, 0.9948165, 0.996236, 1.0018605, 0.9997365, 0.996841, 1.002241, 1.0021495, 1.0001175, 1.001734, 1.0013235, 0.9997849999999999, 1.0010970000000001, 0.9948905, 1.0003655, 0.9997834999999999, 0.9974695, 1.0056685, 0.9985975, 0.9992650000000001, 1.0023545, 1.002468, 0.999282, 0.9978670000000001, 1.000689, 1.00313, 0.9975095, 0.9976435, 1.0017385, 1.0022195, 1.0028394999999999, 1.0013955, 1.000821, 0.9998385000000001, 1.0031145000000001, 1.0019434999999999, 1.001851, 1.001999, 0.9993495, 1.0020405000000001, 1.0020205, 1.009416, 1.0034595, 1.003373, 1.0086015, 1.001646, 1.0029655, 1.000406, 1.0013640000000001, 1.001673, 1.0225245, 1.008767, 1.0023235000000001, 0.989159, 0.9823885, 0.9926045, 1.0014395, 0.972572, 0.9823855, 0.9857015, 0.992718, 0.9908589999999999, 0.9906375000000001, 1.0011135, 1.0028835, 0.998679, 1.011123, 1.002237, 1.005755, 1.0135345, 1.0007215, 1.02, 1.02, 1.0338695, 1.0245005, 1.01, 1.02, 1.003288, 1.0088555000000001, 1.005099, 1.003223, 1.005, 1.0188085, 1.009104, 1.0034235, 0.9979575, 1.0069110000000001, 1.01, 1.001625, 1.01, 1.01, 1.011421, 1.01, 1.0150000000000001, 1.003229, 1.00929, 1.02, 1.045, 1.03, 1.0115445, 1.0169055, 1.0045395, 1.013384, 1.00787, 1.01, 1.01, 1.0077625000000001, 1.03, 1.0550000000000002, 1.04, 1.014975, 1.005768, 1.0217800000000001, 1.0232815, 1.04, 1.00792, 1.003229, 1.001066, 1.00766, 1.0078055, 1.0065215, 1.0096595, 1.002809, 1.003024, 1.009063, 1.01, 1.002538, 0.999002, 1.0011195, 0.9963945000000001, 0.999286, 0.9982690000000001, 1.0033465000000001, 1.00317, 1.002879, 1.001616, 1.005, 1.003449, 1.0025515, 1.0388005, 1.0128995, 1.007743, 1.0032575000000001, 1.0174210000000001, 1.0035415, 1.0016345, 1.0029885, 1.002432, 1.0031815, 1.0181695, 0.9978214999999999, 0.9984355, 0.9973325, 1.000651, 1.004159, 1.0032075, 1.0038695, 1.0029265, 1.002557, 1.001778, 1.0034545000000001, 1.001387, 1.003722, 1.0030000000000001, 1.0007435, 1.0005825, 0.99701, 1.0013795, 0.9979515, 1.0063485, 0.9953535, 0.998553, 0.9982610000000001, 1.0022075, 0.997665, 0.9964155, 1.0040005, 1.0032165, 1.0038624999999999, 1.0044, 0.9979035, 0.9974965, 0.9969520000000001, 1.0072515, 1.002632, 0.9956430000000001, 1.002973, 0.997194, 1.00455, 1.003827, 1.0044505, 1.007217, 0.9944965, 1.0027435, 1.0011995, 1.001014, 1.015605, 0.998202, 1.0049744999999999, 1.0059815, 1.008113, 1.005487, 1.00809, 1.004185, 1.0236635, 1.002885, 1.025, 1.0199465, 1.0238705000000001, 1.01481, 1.0193695, 1.005, 1.0047570000000001, 1.0030595, 1.007845, 1.0027825, 1.003545, 1.0028839999999999, 1.009056, 1.000357, 1.000842, 1.005458, 1.0002295, 1.0019545, 1.0100915000000001, 1.0074525, 0.9995350000000001, 1.0009575, 1.0072565, 1.000313, 1.000207, 1.0026065, 0.999214, 0.9991085, 1.0018535, 0.999783, 1.000028, 1.0015595, 1.0107525, 0.988163, 0.982702, 0.9976195, 1.0040615, 1.0028595, 0.995594, 1.0017245, 1.0002425, 1.0008845, 0.9999575, 1.002377, 0.9944195, 1.0001875, 0.993212, 1.0024465, 0.998351, 1.005068, 1.0010615, 0.996985, 0.9948325, 1.004243, 1.0021085, 1.009705, 1.007745, 1.019387, 1.0057575, 1.0042635, 1.0087485, 1.01, 1.002968, 1.0072225000000001, 0.998607, 1.006417, 1.02, 1.025, 1.0086775000000001, 1.02, 1.017967, 1.0240105000000002, 1.0153335, 1.0191225, 1.02, 0.989681, 0.9819745, 0.9741065, 0.973396, 0.996371, 1.0083285, 1.004402, 1.03, 1.0277495, 1.0350000000000001, 1.02, 1.045, 1.0133915, 1.0141550000000001, 1.0040784999999999, 1.0150000000000001, 1.0132965, 1.0177335, 1.02, 1.02, 1.03, 1.0350000000000001, 1.0350000000000001, 1.0350000000000001, 1.02, 1.03, 1.065, 1.105, 1.0550000000000002, 1.05, 1.024473, 1.0150000000000001, 1.0116235, 0.993206, 0.9960675, 0.981106, 0.9654345, 0.9534615, 0.971665, 0.979853, 0.9821885, 0.9758175, 0.979664, 0.9805995000000001, 0.9803014999999999, 0.9688795, 0.9680825, 0.969237, 0.962143, 0.950788, 0.9396435, 0.933161, 0.9341625, 0.9365445, 0.9363900000000001, 0.935983, 0.9294385000000001, 0.9227305, 0.9172945, 0.9157355, 0.919599, 0.931037, 0.9624645000000001, 0.991219, 0.9987604999999999, 0.9993985000000001, 0.9995435, 0.9986619999999999, 0.999702, 0.9994745, 0.9992095, 0.9995185, 0.999748, 0.9997335, 0.999788, 0.9989585000000001, 0.9993105, 0.999873, 0.9999695, 0.9999765, 0.9998469999999999, 0.9995609999999999, 0.9996225000000001, 0.9986935, 0.999959, 0.999932, 0.9999155, 1.0, 1.0, 0.9999575, 0.9999345, 0.9999465000000001, 1.0, 1.0, 0.999993, 1.0, 0.999985, 0.9999685, 1.0, 1.0, 1.0, 1.0, 0.9999975, 1.0, 0.9999955, 0.9999374999999999, 0.999938, 1.0, 1.0, 1.0, 1.0, 0.9999990000000001, 1.0, 0.9999994999999999, 0.9999695, 0.999943, 0.999992, 0.9999215, 0.9999990000000001, 0.9999975000000001, 0.9999515, 0.9995715000000001, 0.9998205, 0.9999480000000001, 0.999949, 1.0, 1.0, 1.0, 1.0, 1.0, 0.9999994999999999, 0.999999, 0.999999, 0.999999, 0.999999, 0.999999, 0.9999985, 0.9999985, 0.999999, 0.9999985, 0.9999960000000001, 0.924904, 0.9999979999999999, 0.9999895, 0.999997, 1.0, 1.0, 1.0, 1.0, 1.0, 1.0, 1.0, 1.0, 1.0, 1.0, 1.0, 1.0, 1.0, 1.0, 1.0, 1.0, 1.0, 1.0, 1.0, 1.0, 1.0, 1.0, 1.0, 1.0, 1.0, 1.0, 1.0, 1.0, 1.0, 1.0, 1.0, 1.0, 1.0, 1.0, 1.0, 1.0, 1.0, 1.0, 1.0, 1.0, 1.0, 1.0, 1.0, 1.0, 1.0, 1.0, 1.0, 1.0, 1.0, 1.0, 0.999977, 1.0, 1.0, 1.0, 0.999997, 1.0, 0.999987, 1.0, 1.0, 1.0, 1.0, 1.0, 1.0, 1.0, 1.0, 1.0, 1.0, 1.0, 1.0, 1.0, 1.0, 1.0, 1.0, 1.0, 1.0, 1.0, 1.0, 1.0, 1.0, 0.9999985, 0.9999985, 1.0, 1.0, 1.0, 1.0, 1.0, 1.0, 1.0, 1.0, 1.0, 1.0, 1.0, 1.0, 1.0, 1.0, 1.0, 1.0, 1.0, 1.0, 1.0, 1.0, 1.0, 1.0, 1.0, 1.0, 1.0, 0.9999994999999999, 0.9999994999999999, 1.0, 1.0, 1.0, 1.0, 1.0, 1.0, 1.0, 1.0, 1.0, 0.9999990000000001, 0.9999975000000001, 0.9999990000000001, 1.0, 1.0, 1.0, 1.0, 1.0, 1.0, 0.9999994999999999, 0.999999, 0.999999, 0.999994, 0.9999929999999999, 0.999999, 0.999961, 0.9999439999999999, 0.999999, 0.999996, 0.9999965, 1.0, 1.0, 1.0, 1.0, 1.0, 1.0, 1.0, 1.0, 1.0, 1.0, 1.0, 1.0, 1.0, 1.0, 1.0, 1.0, 1.0, 1.0, 1.0, 1.0, 1.0, 1.0, 1.0, 1.0, 1.0, 1.0, 1.0, 1.0, 1.0, 0.9999994999999999, 0.999999, 0.999999, 0.9810285, 0.962215, 0.9678994999999999, 0.98678, 0.999557, 0.999557, 0.999557, 0.9996940000000001, 0.9999145, 0.999996, 0.9999955, 0.9999975, 0.999979, 0.9999815000000001, 1.0, 1.0, 1.0, 1.0, 0.9999994999999999, 0.999997, 1.0, 1.0, 1.0, 1.0, 1.0, 1.0, 1.0, 1.0, 1.0, 1.0, 1.0, 1.0, 1.0, 0.9999994999999999, 0.999999, 0.999999, 0.999994, 0.9999945, 1.0, 1.0, 1.0, 1.0, 1.0, 1.0, 1.0, 1.0, 0.9999765, 0.999966, 1.0, 1.0, 1.0, 1.0, 1.0, 1.0, 0.9999994999999999, 0.999999,