{"pointStart": 1230764400000, "data": [2.045, 2.335, 2.4699999999999998, 2.5999999999999996, 2.515, 2.4299999999999997, 2.325, 2.0, 1.9, 1.8250000000000002, 1.835, 1.785, 1.695, 1.87, 1.96, 1.94, 1.8199999999999998, 1.905, 1.955, 2.11, 2.1399999999999997, 2.205, 2.325, 2.48, 2.58, 2.495, 2.4749999999999996, 2.59, 2.7, 2.76, 2.66, 2.615, 2.64, 2.485, 2.51, 2.5650000000000004, 2.62, 2.605, 2.525, 2.8, 2.9450000000000003, 3.185, 3.125, 3.2350000000000003, 3.1, 3.055, 2.9050000000000002, 2.9349999999999996, 2.895, 2.875, 3.2199999999999998, 3.26, 3.57, 3.965, 3.94, 4.16, 4.4350000000000005, 3.975, 4.0, 3.855, 3.6, 3.41, 3.425, 3.41, 3.2800000000000002, 3.32, 3.49, 3.59, 3.66, 3.5949999999999998, 3.745, 4.205, 4.455, 4.41, 4.369999999999999, 4.295, 4.405, 4.6, 4.965, 4.845000000000001, 4.675, 4.4350000000000005, 4.765, 5.21, 4.9350000000000005, 5.025, 4.85, 5.035, 5.380000000000001, 5.3149999999999995, 5.125, 4.76, 4.4350000000000005, 4.6, 4.575, 4.09, 3.84, 3.74, 3.87, 4.04, 3.88, 3.875, 3.775, 3.795, 3.625, 3.445, 3.37, 3.42, 3.425, 3.215, 3.33, 3.045, 2.765, 2.625, 2.55, 2.545, 2.505, 2.375, 2.3899999999999997, 2.6550000000000002, 2.895, 2.59, 2.2350000000000003, 2.4050000000000002, 2.385, 2.6799999999999997, 2.96, 3.0650000000000004, 3.23, 3.365, 3.465, 3.365, 3.5549999999999997, 3.7350000000000003, 3.68, 3.7199999999999998, 3.355, 3.8150000000000004, 3.835, 3.6950000000000003, 4.1899999999999995, 4.17, 4.005, 3.625, 3.67, 3.425, 3.8950000000000005, 4.325, 4.675000000000001, 4.685, 4.625, 4.535, 4.765000000000001, 4.915, 5.045, 5.425000000000001, 5.5649999999999995, 5.68, 5.795, 5.725, 5.825, 6.09, 6.68, 5.91, 5.64, 5.859999999999999, 5.755, 5.425000000000001, 4.59, 4.16, 4.23, 4.0600000000000005, 4.595000000000001, 4.375, 4.154999999999999, 4.16, 3.545, 3.76, 4.915, 5.175000000000001, 4.45, 5.615, 6.045, 6.154999999999999, 6.605, 6.975, 7.17, 6.895, 7.4399999999999995, 7.975, 7.58, 8.58, 7.75, 7.0649999999999995, 5.71, 5.41, 4.29, 4.955, 5.915, 6.37, 5.92, 6.245, 6.14, 5.455, 4.41, 4.17, 4.715, 4.245, 3.6900000000000004, 3.575, 3.04, 2.4299999999999997, 2.3449999999999998, 2.165, 2.1799999999999997, 2.125, 1.855, 1.9699999999999998, 1.365, 1.31, 1.27, 1.4100000000000001, 1.2563825, 1.455, 1.4300000000000002, 1.605, 1.475, 1.102942, 0.843648, 0.7425965, 0.603149, 0.5496615, 0.568137, 0.527426, 0.4977265, 0.5397885, 0.5564625, 0.5346185, 0.6254115, 0.5776415, 0.45542350000000004, 0.39644100000000004, 0.339326, 0.2844185, 0.237315, 0.260802, 0.267098, 0.250025, 0.24715299999999998, 0.2545805, 0.2441645, 0.2520825, 0.2606955, 0.25473049999999997, 0.26543, 0.25673, 0.26049599999999995, 0.264409, 0.2928615, 0.251362, 0.22905799999999998, 0.2162625, 0.2198635, 0.24808249999999998, 0.251811, 0.269714, 0.2535695, 0.2401815, 0.23101549999999998, 0.2159145, 0.21156550000000002, 0.187757, 0.17538900000000002, 0.198931, 0.2133785, 0.213588, 0.20305299999999998, 0.2013775, 0.2036845, 0.225339, 0.2363785, 0.2483395, 0.23639349999999998, 0.248909, 0.2569935, 0.269384, 0.2923915, 0.25951, 0.22174300000000002, 0.2216295, 0.22265649999999998, 0.2219505, 0.20740150000000002, 0.2252245, 0.247502, 0.258873, 0.2731465, 0.2806695, 0.29669, 0.314358, 0.3023895, 0.337097, 0.327262, 0.251829, 0.16687200000000002, 0.1602155, 0.1319135, 0.13558599999999998, 0.1314765, 0.098357, 0.093697, 0.0766235, 0.0664305, 0.063474, 0.068378, 0.060782, 0.062314, 0.058243, 0.066082, 0.070532, 0.0604405, 0.0693735, 0.067265, 0.05042, 0.051592, 0.0527615, 0.0639775, 0.08078, 0.062486, 0.057619000000000004, 0.050232, 0.089817, 0.121918, 0.150815, 0.181388, 0.192985, 0.19103399999999998, 0.234755, 0.23736649999999998, 0.24517350000000002, 0.2366915, 0.2457495, 0.2681465, 0.2920735, 0.2403215], "pointInterval": 3600000, "dataLength": 345}