{"pointStart": 1230764400000, "data": [0.158944, 0.16614849999999998, 0.172588, 0.177469, 0.1762665, 0.17481249999999998, 0.18043399999999998, 0.1804015, 0.1758185, 0.18000549999999998, 0.1716675, 0.168853, 0.177657, 0.18847350000000002, 0.191739, 0.18129699999999999, 0.168324, 0.161414, 0.15897899999999998, 0.159337, 0.16080650000000002, 0.16471049999999998, 0.17058600000000002, 0.1822375, 0.1873895, 0.185896, 0.1858485, 0.1910405, 0.189391, 0.1984375, 0.185404, 0.16621249999999999, 0.159202, 0.14858, 0.14914650000000002, 0.1504745, 0.1562, 0.1567595, 0.1539875, 0.16526200000000002, 0.173751, 0.19140249999999998, 0.195278, 0.198767, 0.1961165, 0.1962735, 0.19449149999999998, 0.19878200000000001, 0.19814900000000002, 0.19824, 0.2131345, 0.2204005, 0.228725, 0.253514, 0.2522725, 0.264143, 0.2491135, 0.2474085, 0.255607, 0.268104, 0.25851250000000003, 0.252935, 0.2429485, 0.24139850000000002, 0.23958649999999998, 0.2424425, 0.257297, 0.2631575, 0.26734, 0.262831, 0.273543, 0.29962, 0.315766, 0.3146005, 0.30949950000000004, 0.3044525, 0.31559950000000003, 0.3226225, 0.3523495, 0.35886850000000003, 0.342564, 0.32073399999999996, 0.32757000000000003, 0.36730450000000003, 0.3733345, 0.385165, 0.39833799999999997, 0.41426799999999997, 0.43114399999999997, 0.430543, 0.42640049999999996, 0.41033949999999997, 0.39887700000000004, 0.4152345, 0.4185255, 0.40592249999999996, 0.398391, 0.3829905, 0.4045265, 0.41607649999999996, 0.38934250000000004, 0.390928, 0.3850355, 0.393333, 0.37928249999999997, 0.357308, 0.3370305, 0.3441325, 0.3326735, 0.291782, 0.2893285, 0.2571785, 0.2401165, 0.229828, 0.23397, 0.2280055, 0.223301, 0.2204555, 0.2281705, 0.24556850000000002, 0.24373450000000002, 0.21836899999999998, 0.2111695, 0.224039, 0.21888400000000002, 0.238234, 0.2533095, 0.2564955, 0.2725195, 0.29334899999999997, 0.2834445, 0.28231649999999997, 0.29557449999999996, 0.30002799999999996, 0.31114949999999997, 0.2946995, 0.2553565, 0.31010400000000005, 0.36134, 0.38300049999999997, 0.45768600000000004, 0.433962, 0.3792055, 0.347838, 0.34738250000000004, 0.341564, 0.32173799999999997, 0.31485450000000004, 0.346214, 0.35549600000000003, 0.36426349999999996, 0.38991299999999995, 0.408744, 0.4042015, 0.4122955, 0.39927, 0.39609099999999997, 0.3936005, 0.422858, 0.4332905, 0.445656, 0.48464149999999995, 0.5051155, 0.5282804999999999, 0.5614485, 0.581578, 0.57333, 0.566498, 0.5495895, 0.5472825, 0.546156, 0.552385, 0.601225, 0.553929, 0.559779, 0.5694975, 0.49078050000000006, 0.5000515, 0.6004130000000001, 0.5827994999999999, 0.5307595, 0.7094415000000001, 0.762937, 0.8559245, 0.9768145, 1.0350000000000001, 0.9635960000000001, 0.8928045, 0.9624155, 0.951051, 0.9437185, 0.9999635, 1.12, 1.155, 1.075, 1.0636165, 0.8910985, 1.0462775, 1.4449999999999998, 1.425, 1.51, 1.355, 1.38, 1.4300000000000002, 1.595, 1.6400000000000001, 1.77, 1.6, 1.6600000000000001, 1.815, 1.475, 1.115, 1.04, 0.9947445, 0.9715290000000001, 0.9751155, 0.897179, 0.9518635, 0.9677735000000001, 1.0427925, 0.913649, 0.9089635, 0.8113545, 0.9817555, 0.927875, 0.955695, 0.765371, 0.695978, 0.6476135000000001, 0.556996, 0.5656909999999999, 0.52796, 0.517651, 0.448971, 0.389479, 0.53472, 0.437984, 0.253291, 0.27967450000000005, 0.29197249999999997, 0.277, 0.267421, 0.249273, 0.2268815, 0.226048, 0.23934499999999997, 0.24169200000000002, 0.21932200000000002, 0.21488600000000002, 0.2140165, 0.2039075, 0.20255800000000002, 0.20384649999999999, 0.2072265, 0.209891, 0.2004335, 0.1934455, 0.1940955, 0.201327, 0.1969245, 0.19166450000000002, 0.1916685, 0.178249, 0.1964975, 0.2107275, 0.205629, 0.187357, 0.18045250000000002, 0.1913215, 0.1711655, 0.172995, 0.170224, 0.16609649999999998, 0.1766915, 0.1924115, 0.2000615, 0.20068999999999998, 0.1992135, 0.1978765, 0.20102550000000002, 0.208172, 0.2039285, 0.203494, 0.2102785, 0.208703, 0.22282249999999998, 0.2244775, 0.212712, 0.2246685, 0.228136, 0.2050855, 0.2089295, 0.203913, 0.20895000000000002, 0.214926, 0.20699299999999998, 0.199359, 0.203249, 0.212242, 0.21089449999999998, 0.213559, 0.221193, 0.22770849999999998, 0.237211, 0.238837, 0.23525400000000002, 0.2300055, 0.23970200000000003, 0.236816, 0.2293745, 0.225124, 0.218148, 0.21580149999999998, 0.2120995, 0.219974, 0.2346405, 0.243279, 0.2268445, 0.200939, 0.21025899999999997, 0.191378, 0.200471, 0.22952299999999998, 0.256743, 0.260092, 0.254383, 0.265591, 0.2782595, 0.295931, 0.3007785, 0.271343, 0.2835745, 0.303005, 0.30778150000000004, 0.3251775, 0.32192750000000003, 0.290176, 0.283026, 0.280327, 0.272691, 0.26840600000000003, 0.2711625, 0.2596415, 0.248933, 0.25097, 0.2666485, 0.280961, 0.248235, 0.245834, 0.2511965, 0.25878, 0.240408, 0.2511365, 0.2664845, 0.28370850000000003, 0.28953450000000003, 0.288469, 0.269122, 0.27993049999999997, 0.2667675, 0.23502450000000003, 0.2286925, 0.2217425, 0.2282535, 0.202539, 0.17201650000000002, 0.163433, 0.1667385, 0.1638075, 0.167147, 0.1661255, 0.1552905, 0.161368, 0.16424650000000002, 0.16975200000000001, 0.16025050000000002, 0.14676050000000002, 0.143787, 0.1308535, 0.13075, 0.1155805, 0.1021045, 0.111816, 0.117572, 0.128315, 0.123998, 0.1269655, 0.1371795, 0.157132, 0.15390199999999998, 0.1622305, 0.170667, 0.180489, 0.1849365, 0.168491, 0.1517595, 0.1522865, 0.1632655, 0.16801349999999998, 0.1668005, 0.1553485, 0.162604, 0.178684, 0.19306299999999998, 0.1899875, 0.1867575, 0.19424049999999998, 0.20150200000000001, 0.1982585, 0.2005605, 0.20439000000000002, 0.1915265, 0.1848265, 0.2107715, 0.2055415, 0.2187945, 0.21434350000000002, 0.215316, 0.221646, 0.211744, 0.219145, 0.2313325, 0.23082950000000002, 0.21635500000000002, 0.2186735, 0.2259505, 0.22003, 0.1930145, 0.206198, 0.204391, 0.2016425, 0.158908, 0.20621050000000002, 0.22935149999999999, 0.24738100000000002, 0.2600775, 0.256264, 0.236467, 0.2268995, 0.2322075, 0.16753, 0.11045050000000001, 0.11337900000000001, 0.1224685, 0.1266595, 0.124361, 0.12102550000000001, 0.110692, 0.11291499999999999, 0.11630499999999999, 0.122848, 0.087249, 0.073022, 0.0722665, 0.0591755, 0.053016499999999994, 0.049926, 0.052263000000000004, 0.0496985, 0.049372, 0.0453045, 0.04944, 0.043534500000000004, 0.0365145, 0.032524, 0.030993, 0.0322845, 0.030209, 0.030703, 0.034401, 0.0271545, 0.0251025, 0.024010999999999998, 0.0240485, 0.0216225, 0.021117, 0.0202245, 0.0203175, 0.020741500000000003, 0.019739, 0.017888, 0.017084, 0.016953000000000003, 0.017564999999999997, 0.0185885, 0.019209999999999998, 0.017128, 0.016977, 0.014624, 0.0143345, 0.0140785, 0.013257999999999999, 0.0133415, 0.0133795, 0.013084499999999999, 0.014503499999999999, 0.015758, 0.016476499999999998, 0.0149765, 0.0157095, 0.014423499999999999, 0.011783, 0.011248500000000002, 0.011079, 0.011383, 0.0113505, 0.010742, 0.010038, 0.009611499999999999, 0.009394, 0.009147, 0.010142, 0.0111515, 0.011452500000000001, 0.0103965, 0.009226999999999999, 0.0093215, 0.0083665, 0.0076685, 0.006724, 0.0064535, 0.006437, 0.006413500000000001, 0.0066825, 0.006696, 0.006403000000000001, 0.0063265000000000005, 0.0065235, 0.006595, 0.0069145000000000005, 0.007034, 0.0070865, 0.006888, 0.0066715, 0.0067355, 0.006985, 0.006638, 0.006082000000000001, 0.0063999999999999994, 0.0068075, 0.0066395, 0.006125, 0.0066820000000000004, 0.0071135, 0.006744, 0.0059050000000000005, 0.005356, 0.0052305, 0.005171, 0.0051705, 0.004973, 0.0054935, 0.0048145, 0.0044005, 0.00386, 0.003691, 0.0036769999999999997, 0.0036325000000000003, 0.00361, 0.003569, 0.003538, 0.0036265, 0.0036985, 0.0036404999999999996, 0.003631, 0.0035275000000000003, 0.0034115, 0.0034135, 0.0035805, 0.00351, 0.0034505, 0.0032884999999999998, 0.0034245, 0.0036420000000000003, 0.003636, 0.003476, 0.0034485, 0.003564, 0.003724, 0.0036925, 0.00362, 0.0034575, 0.0034785, 0.0035715, 0.0036025, 0.003521, 0.0036185, 0.003594, 0.003611, 0.0037619999999999997, 0.0038405, 0.00379, 0.0035895, 0.003497, 0.0034644999999999997, 0.0034015, 0.0033645, 0.003397, 0.0033575000000000002, 0.0033495, 0.003284, 0.0033829999999999997, 0.0033245, 0.003212, 