{"pointStart": 1230764400000, "data": [0.27392249999999996, 0.2816495, 0.2948555, 0.3118065, 0.3170105, 0.30971499999999996, 0.32341149999999996, 0.321511, 0.29263150000000004, 0.29022400000000004, 0.2927455, 0.27700349999999996, 0.285181, 0.29838, 0.28486049999999996, 0.24111149999999998, 0.227694, 0.2141495, 0.2042525, 0.194044, 0.1850865, 0.1894625, 0.199457, 0.2101555, 0.2119205, 0.20489600000000002, 0.204342, 0.206858, 0.209955, 0.21179900000000002, 0.203233, 0.19586199999999998, 0.19310349999999998, 0.1804855, 0.184679, 0.188271, 0.191362, 0.19463249999999999, 0.1906865, 0.20218350000000002, 0.213233, 0.231287, 0.232982, 0.236064, 0.232572, 0.23312, 0.2311125, 0.237321, 0.23173300000000002, 0.223258, 0.2421565, 0.248973, 0.2627465, 0.287567, 0.2909215, 0.2988265, 0.29472750000000003, 0.290207, 0.298752, 0.303837, 0.296456, 0.2912015, 0.288209, 0.283709, 0.266254, 0.2655725, 0.2794565, 0.288964, 0.291199, 0.28622349999999996, 0.2873785, 0.311269, 0.3245455, 0.325128, 0.3208755, 0.31312249999999997, 0.330741, 0.33559649999999996, 0.36086850000000004, 0.36691450000000003, 0.369658, 0.33447, 0.328149, 0.370268, 0.3741795, 0.3955725, 0.3982375, 0.420091, 0.431837, 0.432519, 0.4361445, 0.440631, 0.424232, 0.438787, 0.44309350000000003, 0.4131315, 0.4045335, 0.3598055, 0.3640175, 0.3891955, 0.371047, 0.374397, 0.37326349999999997, 0.377274, 0.3631395, 0.3269995, 0.29863850000000003, 0.28713750000000005, 0.273687, 0.2508605, 0.25, 0.2246295, 0.20569549999999998, 0.198848, 0.203146, 0.204578, 0.1993205, 0.1943675, 0.20052799999999998, 0.21947850000000002, 0.232457, 0.2190405, 0.202039, 0.20490950000000002, 0.18714550000000002, 0.2046565, 0.2204645, 0.217184, 0.23169099999999998, 0.2365585, 0.23991099999999999, 0.233787, 0.2440205, 0.260785, 0.258828, 0.2315905, 0.1908705, 0.217655, 0.234545, 0.2338195, 0.269237, 0.29173649999999995, 0.2992625, 0.293365, 0.30523100000000003, 0.291447, 0.32367250000000003, 0.32476249999999995, 0.350904, 0.3751275, 0.353095, 0.33176799999999995, 0.32982750000000005, 0.334562, 0.349327, 0.363642, 0.3591335, 0.3518295, 0.3665275, 0.3715155, 0.3836905, 0.4067035, 0.427344, 0.455374, 0.4640765, 0.4674145, 0.450052, 0.4539415, 0.4297765, 0.40496750000000004, 0.38800049999999997, 0.38222, 0.4194365, 0.375598, 0.3594115, 0.35908399999999996, 0.32029949999999996, 0.3691575, 0.417155, 0.411931, 0.37048250000000005, 0.486325, 0.49786600000000003, 0.5332835, 0.6080570000000001, 0.627747, 0.624768, 0.5994885000000001, 0.6030679999999999, 0.531577, 0.4765695, 0.48129999999999995, 0.48973, 0.5248029999999999, 0.5084375, 0.511833, 0.40437, 0.461762, 0.6348585, 0.6275085, 0.6822765, 0.6250975, 0.525406, 0.5358045, 0.6088555, 0.6258604999999999, 0.7029075, 0.7014035, 0.6847380000000001, 0.80782, 0.7412829999999999, 0.5331965, 0.4420075, 0.335878, 0.33971799999999996, 0.27922, 0.214421, 0.224993, 0.2219435, 0.2236205, 0.21770699999999998, 0.2385945, 0.21884350000000002, 0.260729, 0.239448, 0.273245, 0.2676565, 0.26433, 0.2134935, 0.1843255, 0.1786185, 0.15162550000000002, 0.149192, 0.13479649999999999, 0.12101400000000001, 0.13611800000000002, 0.132882, 0.154358, 0.1398395, 0.1107775, 0.092582, 0.09187300000000001, 0.094233, 0.0814965, 0.0714225, 0.080137, 0.0707365, 0.05528, 0.046436500000000006, 0.0419915, 0.04006, 0.0421455, 0.0399325, 0.037636, 0.0379785, 0.037992, 0.035617499999999996, 0.0360935, 0.0362655, 0.0360115, 0.0337555, 0.030004500000000003, 0.0304015, 0.033854999999999996, 0.0355995, 0.037062, 0.032213, 0.030872499999999997, 0.027769500000000003, 0.027096500000000003, 0.027810500000000002, 0.0270565, 0.0263065, 0.0286685, 0.030218500000000002, 0.0309795, 0.031627, 0.0327765, 0.0341535, 0.035795, 0.0359415, 0.038186, 0.033484, 0.0340755, 0.0311325, 0.029062, 0.032497, 0.039472999999999994, 0.0410915, 0.033903, 0.017943, 0.0183435, 0.018014, 0.0186155, 0.0191555, 0.017771000000000002, 0.019174, 0.0201355, 0.021517, 0.0169255, 0.0135095, 0.012055, 0.012137, 0.013186, 0.0136235, 0.013543, 0.0133915, 0.0140555, 0.013597499999999998, 0.012233, 0.0119405, 0.011709, 0.011273499999999999, 0.010755, 0.011342999999999999, 0.011921000000000001, 0.0124595, 0.012406, 0.010945, 0.011483, 0.0097315, 0.013294, 0.0154785, 0.0168565, 0.0168015, 0.0164105, 0.0171595, 0.0186255, 0.020044, 0.0197335, 0.017521000000000002, 0.0190145, 0.0211005, 0.0223695, 0.022963499999999998, 0.021639, 0.0205615, 0.020123500000000002, 0.0201265, 0.020506999999999997, 0.0201195, 0.019432, 0.0200115, 0.021686, 0.0192435, 0.018728500000000002, 0.017266999999999998, 0.0163755, 0.0170785, 0.0175515, 0.017844, 0.017479500000000002, 0.018015000000000003, 0.0187355, 0.0208965, 0.021527499999999998, 0.0227215, 0.023107, 0.02272, 0.022136000000000003, 0.023670499999999997, 0.0237945, 0.020504, 0.018594, 0.0183575, 0.016910500000000002, 0.015827, 0.016707, 0.016471, 0.0175625, 0.0186535, 0.0186725, 0.020048999999999997, 0.021842, 0.022018, 0.021342, 0.0196565, 0.018868, 0.018508, 0.018984, 0.017223000000000002, 0.0163615, 0.0166505, 0.016170999999999998, 0.0179185, 0.0153615, 0.014006000000000001, 0.0169625, 0.020995, 0.019839, 0.022746000000000002, 0.025692, 0.025326500000000002, 0.026778, 0.025738999999999998, 0.0240995, 0.025731, 0.028229499999999998, 0.030468500000000003, 0.030821, 0.027788, 0.0305595, 0.034798, 0.039746500000000004, 0.0401665, 0.038576, 0.0384115, 0.040736, 0.0397275, 0.038546, 0.0382225, 0.036986500000000005, 0.036019999999999996, 0.041122, 0.041239, 0.0423685, 0.044298000000000004, 0.04504, 0.04933, 0.051065, 0.049547, 0.042819499999999996, 0.041359, 0.038777, 0.0392405, 0.0410915, 0.039227, 0.0325135, 0.034537, 0.0362065, 0.0354075, 0.033158, 0.0447225, 0.0454045, 0.0537595, 0.054220000000000004, 0.0558855, 0.060196, 0.05223, 0.0502055, 0.0458615, 0.0468705, 0.047532, 0.040618, 0.038835499999999995, 0.0365235, 0.0411955, 0.035184, 0.032022999999999996, 0.0327855, 0.042936, 0.040482000000000004, 0.0164995, 0.0100655, 0.0060669999999999995, 0.0048885000000000005, 0.0049005, 0.0052295, 0.005082, 0.004766, 0.004299, 0.0039035, 0.0039095, 0.003824, 0.003731, 0.0034885, 0.003509, 0.0034075, 0.003483, 0.0036300000000000004, 0.003558, 0.0036155, 0.0036025, 0.0032259999999999997, 0.0031349999999999998, 0.0030375000000000003, 0.002966, 0.0027815, 0.0027485, 0.00282, 0.002901, 0.0027955000000000002, 0.003072, 0.003213, 0.0030819999999999997, 0.003948, 0.003399, 0.002515, 0.0024549999999999997, 0.002179, 0.0020075, 0.0019755, 0.0019805, 0.0020575, 0.002081, 0.002255, 0.002116, 0.002069, 0.002081, 0.0019575, 0.0019335, 0.001973, 0.0019554999999999998, 0.0019305, 0.001965, 0.0019260000000000002, 0.0019595000000000003, 0.0018295, 0.0017534999999999999, 0.0017534999999999999, 0.0018124999999999999, 0.0019495, 0.0019529999999999999, 0.001803, 0.001754, 0.001791, 0.0018115000000000002, 0.001801, 0.00175, 0.0018165, 0.001843, 0.001845, 0.0018670000000000002, 0.0019234999999999999, 0.001977, 0.002007, 0.0020455, 0.002027, 0.0020425, 0.002057, 0.0021335, 0.0021835, 0.002156, 0.0020935, 0.0021005, 0.0021114999999999997, 0.002134, 0.0021190000000000002, 0.0022040000000000002, 0.0022985, 0.002358, 0.0023805, 0.002376, 0.002418, 0.0024155, 0.002409, 0.0023585, 0.0023615, 0.00238, 0.0022175, 0.002228, 0.0022065, 0.002176, 0.0021985, 0.0022845, 0.002333, 0.0023595, 0.002356, 0.0024355, 0.0023955, 0.002443, 0.002464, 0.0024085, 0.0024345, 0.002423, 0.0024029999999999998, 0.0022795000000000003, 0.0022199999999999998, 0.0023505, 0.002345, 0.002384, 0.002388, 0.0024835, 0.0026065, 0.0026639999999999997, 0.002505, 0.002481, 0.0025035, 0.0024855, 0.0025294999999999996, 0.002456, 0.0024795, 0.0025895, 0.0026325000000000003, 0.0026395000000000004, 0.002662, 0.002667, 0.0026595, 0.002856, 0.0029375, 0.002861, 0.0028585, 0.002944, 0.0029505, 0.0025564999999999997, 0.0021605, 0.0021945000000000003, 0.002316, 0.002277, 0.002393, 0.002471, 0.00261, 0.002567, 0.002141, 0.0015345, 0.0015645, 0.0015595000000000001, 0.001554, 0.0016075, 0.0016505, 0.0016635, 0.0016735, 0.001665, 