{"pointStart": 1230764400000, "data": [124.67, 127.775, 132.325, 137.99, 139.865, 138.565, 140.29500000000002, 143.35500000000002, 140.255, 134.285, 130.63, 130.1, 134.185, 141.115, 143.74, 140.97500000000002, 129.16, 123.77000000000001, 122.435, 122.655, 122.125, 125.695, 129.14000000000001, 138.32, 137.25, 133.18, 135.16500000000002, 138.04500000000002, 141.85500000000002, 140.465, 135.60000000000002, 129.96, 130.89499999999998, 121.66, 124.43, 124.97999999999999, 125.17500000000001, 125.245, 116.70500000000001, 114.625, 115.655, 122.765, 123.13499999999999, 127.45500000000001, 124.72999999999999, 125.245, 124.955, 128.05, 126.205, 120.03999999999999, 129.805, 136.51, 143.54000000000002, 157.5, 161.22500000000002, 167.075, 164.94, 163.065, 164.175, 169.385, 161.76, 155.71, 156.74, 157.07, 157.13, 158.98000000000002, 165.67, 165.79500000000002, 168.29, 169.18, 172.93, 187.61, 199.37, 200.95499999999998, 200.70499999999998, 199.385, 198.805, 199.16000000000003, 210.935, 208.22500000000002, 207.91500000000002, 198.89499999999998, 208.065, 225.74, 224.725, 227.39999999999998, 229.29500000000002, 237.51999999999998, 242.6, 243.65, 250.285, 245.78, 236.005, 249.075, 253.48000000000002, 258.53, 260.255, 263.73, 271.355, 289.15999999999997, 278.96000000000004, 267.115, 255.72500000000002, 255.245, 232.495, 214.275, 197.76, 196.185, 197.42000000000002, 192.67000000000002, 193.97, 179.12, 166.845, 165.89, 171.695, 171.72500000000002, 167.505, 168.64499999999998, 169.845, 179.285, 184.33499999999998, 178.29000000000002, 173.68, 176.755, 171.7, 187.735, 193.92000000000002, 191.24, 200.615, 208.71, 212.97, 206.75, 214.29000000000002, 225.595, 220.115, 212.19, 192.35500000000002, 204.87, 213.14, 212.345, 230.06, 256.27, 269.46, 267.79, 275.8, 265.79999999999995, 307.53999999999996, 342.8, 355.68, 367.83500000000004, 353.90999999999997, 359.46000000000004, 331.105, 299.95000000000005, 295.66499999999996, 298.67, 285.9, 275.15, 280.36, 284.395, 303.53999999999996, 313.70500000000004, 312.76, 308.69, 311.095, 313.91999999999996, 291.16, 287.04999999999995, 255.5, 239.45, 240.64, 234.33499999999998, 257.865, 247.135, 230.445, 211.555, 181.435, 194.44, 236.08999999999997, 236.29000000000002, 217.10500000000002, 254.08499999999998, 274.65, 293.345, 325.37, 330.06, 321.64, 310.63, 317.29499999999996, 311.325, 303.655, 322.415, 362.56, 381.13, 338.75, 325.23, 286.24, 340.095, 418.355, 414.155, 413.19500000000005, 371.04999999999995, 381.29499999999996, 394.79499999999996, 423.07, 413.62, 474.615, 416.49, 390.46500000000003, 401.63, 398.56, 373.425, 350.385, 342.09000000000003, 349.065, 372.815, 391.0, 411.95000000000005, 371.02, 344.53499999999997, 344.05499999999995, 381.015, 339.545, 430.42, 403.17499999999995, 376.485, 356.79999999999995, 346.255, 321.625, 311.08, 318.465, 307.545, 300.54499999999996, 262.585, 241.83499999999998, 265.895, 267.755, 281.745, 288.64, 240.765, 201.14, 200.17000000000002, 195.97, 180.805, 175.95999999999998, 189.8, 188.19, 166.67, 164.24, 165.04500000000002, 159.85, 164.685, 157.295, 136.79000000000002, 134.52, 130.415, 129.26999999999998, 122.975, 123.295, 121.955, 121.41499999999999, 128.725, 122.15, 115.495, 111.715, 117.81, 107.53999999999999, 99.9, 94.535, 87.04, 86.99000000000001, 86.83500000000001, 83.88, 86.465, 88.465, 89.265, 88.315, 86.735, 87.81, 88.945, 93.555, 87.91, 84.905, 87.28, 88.495, 90.4, 90.195, 88.9, 93.83, 95.50999999999999, 96.205, 98.43, 91.15, 87.54499999999999, 87.025, 86.34, 86.94, 90.97, 90.81, 91.58500000000001, 90.295, 91.35, 91.00999999999999, 92.39, 93.755, 95.19999999999999, 94.5, 98.31, 97.775, 93.455, 91.67500000000001, 89.905, 89.53999999999999, 86.935, 90.46000000000001, 95.73, 97.49000000000001, 97.91499999999999, 92.78999999999999, 98.765, 88.43, 101.52000000000001, 107.775, 113.09, 113.35499999999999, 109.47, 116.45, 122.935, 120.68, 118.315, 109.22, 113.98, 122.51499999999999, 131.68, 143.29000000000002, 136.59, 129.945, 136.255, 141.82, 131.845, 126.82500000000002, 96.85, 86.56, 92.61, 84.02000000000001, 73.975, 53.925, 52.5, 47.575, 48.254999999999995, 48.06, 47.94, 48.19, 47.805, 48.955, 50.245000000000005, 50.379999999999995, 51.540000000000006, 51.285, 48.725, 48.269999999999996, 47.335, 44.144999999999996, 43.769999999999996, 43.78, 42.425, 39.81, 41.75, 43.28, 44.265, 45.335, 42.519999999999996, 42.040000000000006, 43.81, 43.11, 42.455, 40.480000000000004, 37.95, 35.980000000000004, 35.650000000000006, 32.22, 30.68, 33.47, 36.275, 38.97, 38.129999999999995, 38.035, 41.980000000000004, 45.78, 44.07, 47.245000000000005, 48.07, 45.515, 44.54, 42.980000000000004, 41.61, 41.89, 44.675, 46.29, 44.849999999999994, 41.28, 43.795, 47.004999999999995, 49.555, 49.629999999999995, 47.22, 47.224999999999994, 49.254999999999995, 49.595, 50.335, 49.645, 46.205, 42.885000000000005, 48.965, 51.3, 52.795, 55.325, 54.085, 56.26, 53.955, 57.22, 51.345, 45.69, 42.56, 43.29, 43.825, 43.68000000000001, 41.17, 42.655, 39.935, 36.41, 34.74, 39.725, 45.2, 51.34, 46.57, 37.225, 34.905, 34.025, 31.075000000000003, 29.045, 26.625, 26.845, 27.93, 28.475, 27.975, 29.295, 29.380000000000003, 29.39, 29.11, 31.195, 31.665, 28.94, 28.38, 25.695, 24.08, 22.63, 23.15, 23.46, 22.69, 21.825000000000003, 20.549999999999997, 19.585, 19.73, 19.810000000000002, 19.925, 20.244999999999997, 20.045, 20.57, 20.675, 20.810000000000002, 20.655, 20.535, 20.72, 20.735, 21.759999999999998, 21.68, 21.505000000000003, 21.465, 20.53, 20.23, 19.509999999999998, 19.14, 20.6, 20.69, 20.55, 20.759999999999998, 20.380000000000003, 20.52, 20.85, 20.310000000000002, 19.340000000000003, 18.905, 19.93, 20.58, 21.57, 21.564999999999998, 21.58, 21.869999999999997, 23.630000000000003, 22.36, 20.435000000000002, 23.185000000000002, 20.88, 18.520000000000003, 17.755, 18.005000000000003, 15.79, 13.885, 12.985, 12.96, 13.135000000000002, 14.48, 15.32, 14.54, 13.805, 13.735, 12.715, 12.515, 11.915, 11.945, 11.86, 11.91, 12.16, 12.754999999999999, 12.48, 12.17, 12.235, 13.185, 13.33, 13.19, 13.265, 13.31, 12.655, 12.225, 12.245000000000001, 12.185, 11.98, 12.405000000000001, 12.725, 12.864999999999998, 12.754999999999999, 12.8, 12.775, 12.65, 13.235, 13.155000000000001, 12.98, 12.775, 12.905000000000001, 12.555, 11.955, 11.940000000000001, 11.71, 12.02, 12.17, 12.0, 12.01, 11.96, 11.995000000000001, 12.135, 11.525, 10.625, 10.535, 11.34, 11.52, 11.645, 12.39, 13.684999999999999, 13.2, 13.385, 13.27, 15.254999999999999, 16.939999999999998, 17.235, 16.015, 15.155, 13.795, 13.34, 12.77, 13.315000000000001, 13.41, 11.65, 9.995, 9.645, 9.625, 9.34, 8.895, 8.44, 8.545, 8.58, 8.57, 8.39, 8.465, 8.405000000000001, 8.35, 8.055, 7.945, 7.915, 7.85, 7.93, 7.88, 7.665, 7.5600000000000005, 7.915, 8.11, 8.325, 8.21, 8.745000000000001, 8.26, 7.735, 7.93, 7.8549999999999995, 7.605, 7.5649999999999995, 7.975, 7.834999999999999, 7.51, 6.72, 6.654999999999999, 6.66, 6.8149999999999995, 6.595, 6.795, 7.5600000000000005, 7.61, 7.539999999999999, 7.154999999999999, 6.4350000000000005, 6.245, 6.0600000000000005, 6.27, 5.385, 4.955, 4.92, 4.91, 4.89, 4.695, 4.9, 5.225, 5.255, 5.0600000000000005, 5.99, 6.1850000000000005, 6.015000000000001, 6.1, 6.51, 6.57, 6.525, 6.67, 6.84, 6.8100000000000005, 6.4350000000000005, 6.055, 6.375, 6.6899999999999995, 7.005, 7.045, 7.395, 7.17, 7.1850000000000005, 7.29, 6.9, 7.115, 6.83, 6.895, 7.785, 8.185, 7.9, 7.795, 8.325, 8.865, 9.344999999999999, 9.39, 9.75, 10.445, 10.83, 10.52, 10.275, 10.515, 11.004999999999999, 9.96, 9.515, 9.32, 9.29, 9.93, 10.64, 10.605, 10.49, 11.469999999999999, 12.280000000000001, 12.855, 12.27, 11.99, 13.09, 13.42, 12.14, 12.475000000000001, 9.215, 8.344999999999999, 8.175, 8.56, 9.379999999999999, 7.3, 4.755, 4.355, 4.12, 4.715, 4.66, 3.88, 2.5, 2.415, 2.26, 2.205, 2.21, 2.175, 2.09, 1.9849999999999999, 1.975, 1.94, 1.9749999999999999, 2.0, 1.9699999999999998, 1.915, 1.9, 1.835, 1.815, 1.7349999999999999, 1.56, 1.585, 1.76, 1.87, 1.905, 1.885, 1.8900000000000001, 1.855, 1.78, 1.855, 1.885, 1.8599999999999999, 