{"pointStart": 1230764400000, "data": [750.325, 760.135, 791.5350000000001, 809.995, 824.7049999999999, 815.0799999999999, 807.505, 825.855, 846.585, 825.06, 805.9549999999999, 800.7, 773.89, 794.29, 824.5799999999999, 847.7850000000001, 824.105, 762.94, 715.165, 698.87, 697.7, 688.25, 701.315, 713.915, 744.36, 765.1300000000001, 745.5550000000001, 726.89, 752.13, 775.5799999999999, 787.095, 761.315, 736.335, 739.98, 691.18, 685.725, 705.66, 728.98, 756.845, 721.98, 759.61, 805.895, 884.9300000000001, 886.27, 898.34, 861.625, 857.1500000000001, 850.4000000000001, 870.085, 865.905, 849.875, 911.3, 940.9200000000001, 998.5350000000001, 1114.725, 1123.355, 1149.795, 1132.27, 1111.725, 1146.69, 1132.695, 1045.225, 995.085, 1001.565, 990.2650000000001, 942.2, 944.8499999999999, 996.03, 1023.835, 1035.7849999999999, 1018.5899999999999, 1066.0900000000001, 1182.815, 1261.56, 1240.96, 1184.325, 1180.56, 1260.7, 1300.675, 1389.83, 1427.7150000000001, 1467.4850000000001, 1393.045, 1444.6100000000001, 1596.695, 1581.6599999999999, 1631.395, 1685.885, 1754.415, 1634.09, 1502.335, 1495.885, 1403.745, 1306.44, 1390.1599999999999, 1427.6599999999999, 1376.44, 1379.955, 1335.635, 1341.895, 1487.525, 1318.99, 1183.3899999999999, 1100.155, 1045.19, 931.0150000000001, 825.48, 769.935, 771.8050000000001, 763.63, 741.85, 753.265, 696.7049999999999, 657.74, 642.935, 653.96, 650.3499999999999, 631.5, 624.895, 637.81, 674.64, 690.0550000000001, 663.73, 664.49, 709.905, 722.25, 785.2449999999999, 875.255, 901.355, 931.3050000000001, 978.2950000000001, 1006.365, 992.915, 1028.385, 1049.36, 1015.465, 956.395, 899.9449999999999, 979.585, 978.205, 915.755, 998.7649999999999, 1049.9099999999999, 1087.295, 1065.21, 1040.745, 1004.8100000000001, 1060.235, 1131.27, 1222.02, 1279.955, 1257.4099999999999, 1280.28, 1279.5149999999999, 1249.24, 1239.91, 1264.8400000000001, 1212.15, 1176.635, 1229.43, 1240.375, 1272.195, 1358.705, 1491.69, 1518.5749999999998, 1534.9450000000002, 1542.89, 1464.17, 1365.4450000000002, 1306.62, 1247.575, 1262.545, 1252.0349999999999, 1305.2649999999999, 1274.4, 1148.385, 971.49, 871.4649999999999, 1006.325, 1194.145, 1193.63, 1126.6399999999999, 1359.0900000000001, 1464.56, 1565.12, 1700.7849999999999, 1699.375, 1616.795, 1589.5, 1659.37, 1639.38, 1602.53, 1670.46, 1883.845, 1952.4499999999998, 1797.3249999999998, 1794.8600000000001, 1618.05, 1981.415, 2452.2200000000003, 2618.325, 2719.65, 2530.7799999999997, 2686.665, 2646.84, 2424.7749999999996, 2542.695, 2900.7349999999997, 2655.525, 2509.455, 2484.75, 2775.515, 2650.8199999999997, 2462.19, 2488.99, 2560.51, 2655.725, 2689.04, 2939.6850000000004, 3014.2200000000003, 2927.6099999999997, 2916.995, 3082.2650000000003, 2653.955, 3473.505, 3590.325, 2539.925, 2076.38, 1873.29, 1829.78, 1826.3600000000001, 1836.78, 1600.2350000000001, 1532.835, 1385.17, 1319.025, 1440.15, 1489.625, 1389.24, 1463.4050000000002, 1560.58, 1539.545, 1534.9499999999998, 1458.9299999999998, 1391.5700000000002, 1345.425, 1502.685, 1586.28, 1675.095, 1660.98, 1596.1599999999999, 1679.295, 1491.88, 1253.425, 1182.515, 1201.645, 1203.21, 1292.77, 1040.7, 1043.465, 1259.185, 1300.8000000000002, 1272.08, 1846.615, 1157.19, 843.275, 644.7, 605.99, 614.33, 629.995, 607.425, 606.585, 631.1949999999999, 562.4549999999999, 488.08500000000004, 442.91499999999996, 448.02, 467.26, 397.255, 355.525, 341.075, 327.38, 325.96500000000003, 321.075, 339.51, 322.955, 328.03, 332.77, 344.975, 352.29999999999995, 314.27, 315.635, 322.385, 313.73, 320.41999999999996, 316.7, 331.86, 315.9, 349.73, 360.475, 363.12, 359.82, 379.5, 408.765, 421.35, 426.04499999999996, 439.075, 437.45500000000004, 449.35, 449.70500000000004, 450.03999999999996, 434.89, 426.145, 420.205, 419.11, 446.88, 499.405, 500.23, 450.89, 411.48, 419.59000000000003, 375.03999999999996, 438.755, 495.21000000000004, 532.115, 535.96, 515.42, 562.665, 622.405, 655.74, 591.325, 504.865, 554.51, 590.5, 601.315, 616.125, 587.915, 570.3050000000001, 563.81, 611.2, 622.255, 634.645, 644.855, 657.315, 683.495, 652.575, 665.03, 771.45, 858.565, 611.37, 376.815, 298.91499999999996, 299.7, 310.445, 307.76, 327.775, 313.09000000000003, 293.18, 323.96500000000003, 347.95000000000005, 298.815, 213.575, 237.01, 309.99, 441.66499999999996, 533.13, 318.245, 307.01, 350.695, 373.73, 341.12, 414.375, 403.975, 439.875, 494.04999999999995, 495.375], "pointInterval": 3600000, "prediction": 746.7563513704661, "dataLength": 376}