{"pointStart": 1230764400000, "data": [0.0025684999999999996, 0.0025535, 0.0027165, 0.002875, 0.003023, 0.003075, 0.003026, 0.0030705, 0.0030505000000000003, 0.0030175, 0.003151, 0.003139, 0.0031409999999999997, 0.003137, 0.003319, 0.0034419999999999997, 0.0033404999999999997, 0.0030724999999999997, 0.0029655000000000003, 0.0028845, 0.002913, 0.0027784999999999997, 0.0028385, 0.0028989999999999997, 0.003129, 0.003234, 0.003125, 0.0031875000000000002, 0.003441, 0.003497, 0.0035905, 0.0033895, 0.0029519999999999998, 0.0029535, 0.002543, 0.002524, 0.002581, 0.0026775, 0.0027385, 0.0026195, 0.0028640000000000002, 0.003134, 0.003611, 0.003813, 0.004036, 0.0040665, 0.0042120000000000005, 0.0041865, 0.004383, 0.0043885, 0.0041755, 0.0046425, 0.004828, 0.0051745, 0.0057725, 0.00578, 0.006023, 0.006029, 0.0060175, 0.0061860000000000005, 0.0064425, 0.006391, 0.0065675, 0.0066945, 0.0066195, 0.0061995, 0.0056170000000000005, 0.0061355, 0.0066345, 0.006904, 0.0069145000000000005, 0.007372, 0.008433, 0.009178, 0.009298, 0.0090115, 0.009098, 0.009686, 0.010417, 0.011585, 0.012197, 0.010934, 0.0093525, 0.0109365, 0.013159500000000001, 0.0184585, 0.006965, 0.007108, 0.006983, 0.006953, 0.0062515, 0.005327, 0.00535, 0.0054800000000000005, 0.0055735, 0.005556500000000001, 0.0054585, 0.0052435, 0.0051255, 0.005234000000000001, 0.0049169999999999995, 0.0048445, 0.0048395, 0.0049975, 0.004633, 0.004261, 0.004061, 0.004123, 0.00395, 0.003223, 0.0030485, 0.0026615, 0.002436, 0.0022224999999999996, 0.0021795, 0.0021595, 0.0021000000000000003, 0.0020505000000000002, 0.0020829999999999998, 0.0022245, 0.0022505, 0.0021780000000000002, 0.002111, 0.002157, 0.00213, 0.0023135, 0.002593, 0.002436, 0.0025185, 0.00264, 0.0027555, 0.0026414999999999998, 0.0026769999999999997, 0.002822, 0.0026915, 0.0025425, 0.00236, 0.002513, 0.0026579999999999998, 0.0025915, 0.002888, 0.0031955, 0.0033435, 0.0032519999999999997, 0.003306, 0.003151, 0.0034809999999999997, 0.003696, 0.0042055, 0.004258, 0.004137, 0.0043525, 0.004492, 0.004599, 0.004854, 0.004946, 0.004705, 0.0044965000000000005, 0.0046795, 0.004815, 0.004953, 0.0053215, 0.005855, 0.0057185, 0.0057485, 0.005808000000000001, 0.0055969999999999995, 0.0056375, 0.0050089999999999996, 0.0046305, 0.004616, 0.004446, 0.0048425, 0.0046324999999999995, 0.0044525, 0.0043165, 0.003566, 0.00389, 0.0047165, 0.0047215, 0.004365, 0.0054395, 0.0058390000000000004, 0.006423, 0.007156, 0.007435499999999999, 0.0073, 0.0069695, 0.0066275, 0.0063844999999999996, 0.0061435, 0.006498, 0.0072605, 0.007824000000000001, 0.0075815000000000006, 0.0076715, 0.0060025, 0.007017000000000001, 0.010045, 0.010518, 0.0117515, 0.0104425, 0.010377, 0.0109335, 0.012397499999999999, 0.0133495, 0.015505999999999999, 0.0159065, 0.011148, 0.0063975, 0.0062605000000000004, 0.0061455, 0.0057805, 0.0055485, 0.0054395, 0.005998, 0.0057875, 0.006361, 0.006556, 0.0072745, 0.005733, 0.0056475, 0.00475, 0.0057090000000000005, 0.004436, 0.0049365, 0.004716, 0.0042095, 0.0032855000000000002, 0.0028409999999999998, 0.0026915000000000003, 0.002629, 0.0026555, 0.002592, 0.0023899999999999998, 0.0025315, 0.002549, 0.0025215000000000003, 0.0023085, 0.002216, 0.0020305, 0.001996, 0.00191, 0.0016225, 0.0015645, 0.001701, 0.0017560000000000002, 0.0016805000000000001, 0.0016535, 0.001663, 0.0016365, 0.0017215, 0.001428, 0.0012835, 0.0012915000000000001, 0.0012845, 0.0012325, 0.0012135, 0.0012325, 0.0011819999999999999, 0.001128, 0.0011175, 0.0011015, 0.0012255, 0.001328, 0.001337, 0.0012705, 0.0012425000000000001, 0.0012504999999999999, 0.0012660000000000002, 0.0012345, 0.00124, 0.001346, 0.0014529999999999999, 0.0013830000000000001, 0.001408, 0.001387, 0.001338, 0.0013665, 0.001386, 0.0013615, 0.0013900000000000002, 0.001397, 0.0014735, 0.0014995, 0.001472, 0.001475, 0.001437, 0.00141, 0.001422, 0.0014134999999999998, 0.001425, 0.0014464999999999999, 0.0014169999999999999, 0.0014464999999999999, 0.0013425, 0.0013189999999999999, 0.001309, 0.001295, 0.0012920000000000002, 0.001241, 0.001242, 0.0012775, 0.001356, 0.0013855, 0.0013865000000000001, 0.001357, 0.0014464999999999999, 0.001371, 0.0013095, 0.0012685, 0.0012330000000000002, 0.001194, 0.0011350000000000002, 0.001191, 0.0013, 0.0013714999999999999, 0.001349, 0.0012655000000000001, 0.0012945, 0.0011405, 0.0013714999999999999, 0.001606, 0.001804, 0.0016595, 0.001643, 0.0017155, 0.0018205, 0.001997, 0.0020265, 0.0018195, 0.0019815, 0.002092, 0.0022175, 0.0023775000000000003, 0.002523, 0.002299, 0.00182, 0.0015574999999999999, 0.0014975000000000001, 0.0013905, 0.0014145, 0.0014225, 0.001308, 0.0011645, 0.001192, 0.0011725, 0.001153, 0.0012245, 0.00133, 0.0013785, 0.0013755, 0.001365, 0.0014615000000000001, 0.0015825000000000001, 0.0013915, 0.0013495, 0.001415, 0.0014675, 0.0014915, 0.001394, 0.0013555, 0.0012575, 0.001186, 0.001273, 0.0012820000000000002, 0.0012115, 0.001207, 0.001262, 0.0012735, 0.001278, 0.0013050000000000002, 0.0014694999999999999, 0.0017135000000000002, 0.0016654999999999999, 0.0014759999999999999, 0.001413, 0.001349, 0.00136, 0.0013845, 0.0012545, 0.0011405, 0.0013835, 0.0015665000000000002, 0.001654, 0.001453, 0.0011099999999999999, 0.0012864999999999999, 0.0016589999999999999, 0.0015875, 0.001861, 0.0019299999999999999, 0.0019725, 0.002145, 0.002164, 0.0022775, 0.0026005, 0.0020385, 0.0024235000000000003, 0.0022455, 0.002115, 0.002388, 0.0026214999999999997, 0.002835, 0.0027285, 0.0026235, 0.0026379999999999997, 0.0026565, 0.0027270000000000003, 0.0028665, 0.0029295, 0.0024714999999999997, 0.0022765, 0.002788, 0.0030775, 0.003112, 0.0034755000000000003, 0.0032719999999999997, 0.003208, 0.003471, 0.0032415, 0.0031325, 0.002674, 0.0025935000000000003, 0.0030475, 0.0029665, 0.002297, 0.0021925, 0.002456, 0.0024715, 0.002444, 0.0023350000000000003, 0.002905, 0.0027415, 0.0031104999999999995, 0.0037575, 0.0039145000000000004, 0.0033835, 0.0018870000000000002, 0.001401, 0.0018180000000000002, 0.001237, 0.0006360000000000001, 0.0004545, 0.00046049999999999997, 0.000464, 0.000483, 0.0005155, 0.000526, 0.00051, 0.0005625, 0.0004625, 0.000259, 0.00023799999999999998, 0.0002365, 0.000221, 0.000225, 0.00024400000000000002, 0.0001995, 0.0001855, 0.0001825, 0.000176, 0.00017999999999999998, 0.000176, 0.000172, 0.0001715, 0.000183, 0.000184, 0.000188, 0.00018199999999999998, 0.0002005, 0.0002225, 0.0001715, 0.0001365, 0.000146, 0.0001455, 0.0001365, 0.00013700000000000002, 0.0001305, 0.00013000000000000002, 0.00012350000000000002, 0.000123, 0.00013749999999999998, 0.000143, 0.000143, 0.0001455, 0.00016649999999999998, 0.000174, 0.000154, 0.000156, 0.0001975, 0.000244, 4.5499999999999995e-05, 4.4e-05, 4.3e-05, 4.5e-05, 4.65e-05, 4.6e-05, 4.4999999999999996e-05, 4.3e-05, 4.25e-05, 4.45e-05, 5.1500000000000005e-05, 5.4e-05, 5.1e-05, 5.1e-05, 5.25e-05, 5.05e-05, 4.95e-05, 5.2000000000000004e-05, 5.25e-05, 5.25e-05, 5.4499999999999997e-05, 5.7e-05, 5.6000000000000006e-05, 5.6000000000000006e-05, 6.1000000000000005e-05, 6.05e-05, 5.8e-05, 5.9e-05, 5.85e-05, 5.2000000000000004e-05, 5.25e-05, 5.35e-05, 5.4999999999999995e-05, 5.4e-05, 5.3e-05, 5.2000000000000004e-05, 5.2000000000000004e-05, 5.3e-05, 5.3e-05, 5.1500000000000005e-05, 5.0499999999999994e-05, 5.05e-05, 4.95e-05, 5.25e-05, 5.1500000000000005e-05, 5.0499999999999994e-05, 5.35e-05, 5.35e-05, 5.6e-05, 5.6e-05, 5.6e-05, 5.6e-05, 5.4e-05, 5.4499999999999997e-05, 5.4e-05, 5.4999999999999995e-05, 5.8e-05, 5.9e-05, 5.75e-05, 5.55e-05, 5.1000000000000006e-05, 4.85e-05, 4.9e-05, 4.95e-05, 5e-05, 4.95e-05, 4.85e-05, 4.8e-05, 4.85e-05, 4.8e-05, 4.4999999999999996e-05, 4.45e-05, 4.4999999999999996e-05, 4.2000000000000004e-05, 4.3e-05, 4.6e-05, 4.9999999999999996e-05, 4.9e-05, 5e-05, 4.75e-05, 5.35e-05, 5.8e-05, 6.05e-05, 5.9e-05, 5.65e-05, 5.35e-05, 5.7e-05, 5.75e-05, 5.2000000000000004e-05, 4.45e-05, 4.7000000000000004e-05, 4.9e-05, 4.5499999999999995e-05, 4.8e-05, 4.8e-05, 4.65e-05, 4.4e-05, 4.35e-05, 4.35e-05, 4.3e-05, 4.25e-05, 4.2000000000000004e-05, 4.25e-05, 4.25e-05, 4.25e-05, 