{"pointStart": 1230764400000, "data": [214.02499999999998, 218.195, 224.74, 235.77, 240.185, 241.98000000000002, 244.475, 245.615, 247.54, 246.57999999999998, 249.66000000000003, 253.82999999999998, 248.41500000000002, 264.895, 263.21500000000003, 264.765, 254.29500000000002, 239.32, 228.0, 221.26, 226.74, 213.2, 219.87, 226.575, 237.92000000000002, 245.53, 242.57, 239.22500000000002, 244.965, 242.26, 248.79000000000002, 243.445, 235.95499999999998, 238.04500000000002, 227.905, 223.855, 228.26999999999998, 235.31, 240.945, 235.73000000000002, 242.38, 247.485, 264.3, 260.06, 265.275, 259.875, 266.9, 262.095, 263.27, 258.11, 252.05, 268.26, 269.93, 286.03999999999996, 306.01, 309.99, 315.21500000000003, 313.615, 313.885, 323.21500000000003, 328.015, 318.865, 308.84000000000003, 307.78, 308.555, 302.335, 304.195, 318.025, 330.525, 338.47, 337.47, 346.20500000000004, 372.71, 394.67, 394.6, 394.275, 386.675, 401.51, 414.27, 438.095, 419.21000000000004, 408.15, 394.125, 406.865, 440.57000000000005, 431.28, 452.66999999999996, 467.16999999999996, 501.855, 497.08000000000004, 491.34000000000003, 495.645, 472.245, 467.185, 485.725, 491.905, 484.95000000000005, 487.93, 477.53499999999997, 488.64, 523.085, 492.44499999999994, 459.345, 444.325, 445.395, 420.61, 392.13, 368.515, 368.645, 370.675, 362.645, 367.46000000000004, 329.88, 303.055, 297.035, 307.48, 305.94500000000005, 296.92, 293.505, 297.365, 319.21, 326.975, 300.395, 298.395, 316.36, 317.4, 334.665, 358.53999999999996, 373.21000000000004, 393.31500000000005, 416.28999999999996, 441.905, 409.895, 418.495, 437.71500000000003, 420.61, 388.91999999999996, 368.33, 405.275, 417.775, 412.58000000000004, 456.26, 496.94, 517.83, 509.2, 503.68, 470.415, 508.065, 544.275, 588.935, 615.025, 608.09, 605.39, 609.045, 602.49, 602.845, 626.3599999999999, 605.355, 590.54, 612.05, 628.99, 643.5450000000001, 694.39, 711.89, 709.165, 710.495, 721.265, 703.15, 686.44, 639.355, 604.575, 604.8, 597.67, 638.5, 607.8900000000001, 565.19, 539.075, 458.76, 494.51, 591.6800000000001, 589.55, 535.025, 643.38, 677.085, 728.5, 782.72, 791.595, 771.02, 778.84, 800.61, 765.9749999999999, 744.96, 779.075, 866.295, 904.01, 840.54, 826.24, 723.38, 791.0550000000001, 985.0450000000001, 1053.5149999999999, 1090.085, 1026.165, 1041.875, 1079.3600000000001, 1094.85, 1163.915, 1330.355, 1213.48, 1212.235, 1207.21, 1180.63, 1148.42, 1044.4950000000001, 1039.2450000000001, 1047.8600000000001, 1129.085, 1126.24, 1209.3600000000001, 1198.53, 1198.835, 1188.47, 1261.5, 1158.41, 1496.825, 1404.76, 1190.565, 1120.25, 1096.345, 949.4, 898.9549999999999, 917.5550000000001, 871.085, 847.7950000000001, 728.545, 684.495, 740.985, 712.95, 691.1700000000001, 738.5999999999999, 767.125, 758.3199999999999, 775.5450000000001, 785.755, 781.425, 748.97, 720.185, 626.685, 625.37, 632.01, 611.55, 563.3900000000001, 570.425, 544.41, 486.95, 470.475, 443.725, 453.17, 424.235, 420.345, 431.425, 428.435, 467.22, 431.96000000000004, 335.06, 330.90999999999997, 324.525, 302.86, 289.71000000000004, 274.45, 273.65, 276.135, 272.185, 262.16999999999996, 275.22, 282.47, 285.01, 281.925, 280.14, 284.23, 287.595, 291.35, 289.92499999999995, 277.57500000000005, 276.805, 281.1, 294.925, 296.025, 290.12, 301.25, 305.865, 305.67499999999995, 312.98, 300.44, 294.22, 294.07, 288.04999999999995, 286.335, 308.065, 308.995, 307.78499999999997, 302.14, 306.265, 300.955, 313.68, 321.635, 328.985, 328.79499999999996, 337.685, 343.03499999999997, 343.92, 338.49, 344.605, 350.41499999999996, 343.425, 345.44, 333.95000000000005, 323.59000000000003, 323.66499999999996, 296.875, 288.9, 260.31, 269.99, 306.20500000000004, 323.51, 324.015, 309.55, 324.40999999999997, 343.06, 340.685, 337.7, 310.17999999999995, 329.525, 355.655, 362.595, 384.845, 374.255, 367.195, 360.91499999999996, 360.21000000000004, 379.43, 362.525, 313.66499999999996, 303.275, 293.435, 280.255, 288.23, 307.53499999999997, 277.325, 229.915, 244.84000000000003, 216.225, 199.43, 199.12, 199.665, 206.01, 204.35000000000002, 200.66, 199.60000000000002, 200.235, 192.48000000000002, 191.715, 190.64, 188.04500000000002, 184.735, 183.82999999999998, 181.745, 175.905, 180.20499999999998, 178.5, 189.24, 195.95, 195.10500000000002, 200.71, 201.95499999999998, 191.5, 190.55, 187.24, 174.36, 162.06, 155.98, 143.625, 131.355, 151.67000000000002, 164.2, 176.09, 169.71499999999997, 170.18, 183.72, 204.06, 199.26, 203.94, 216.63, 196.86, 183.76, 177.245, 169.04500000000002, 173.95999999999998, 180.94, 180.6, 180.28, 164.97500000000002, 162.565, 176.365, 184.565, 185.255, 179.525, 181.565, 192.16000000000003, 200.64999999999998, 185.025, 175.005, 163.04000000000002, 154.685, 173.88, 177.62, 179.735, 176.055, 150.16, 147.315, 142.785, 145.96499999999997, 141.115, 143.93, 142.16, 145.61, 141.10500000000002, 139.79, 129.915, 121.2, 112.42, 108.0, 103.405, 124.745, 131.91, 148.095, 131.02, 121.54500000000002, 100.18, 102.28, 94.935, 86.505, 83.84, 88.385, 88.25, 89.75, 86.625, 89.155, 92.03999999999999, 93.505, 93.15, 101.25, 105.05000000000001, 99.505, 99.11500000000001, 93.38, 87.22999999999999, 86.41, 90.64500000000001, 92.965, 90.065, 79.125, 75.85, 71.45500000000001, 72.28, 70.575, 70.505, 71.435, 71.685, 71.88499999999999, 73.94999999999999, 73.65, 75.08500000000001, 75.62, 73.62, 71.04, 71.01, 63.815, 60.864999999999995, 62.730000000000004, 66.42, 67.195, 67.035, 69.36500000000001, 71.975, 64.86500000000001, 56.485, 63.075, 70.57499999999999, 74.705, 81.14500000000001, 85.58000000000001, 85.78, 86.435, 93.62, 95.445, 101.86500000000001, 101.2, 100.31, 97.53, 105.095, 106.315, 107.78999999999999, 90.995, 89.87, 93.77000000000001, 82.38, 75.695, 73.385, 62.129999999999995, 50.974999999999994, 47.515, 43.875, 45.53, 44.775, 42.25, 46.08, 44.97, 48.099999999999994, 39.54, 30.665, 28.055, 26.835, 25.36, 26.585, 23.66, 21.59, 21.270000000000003, 22.09, 22.585, 20.79, 19.67, 19.475, 18.68, 17.585, 16.84, 16.99, 16.91, 16.365000000000002, 16.645, 17.125, 17.275, 16.97, 17.255000000000003, 17.509999999999998, 16.96, 16.13, 15.945, 16.0, 15.765, 15.41, 15.215, 15.2, 14.74, 14.254999999999999, 14.51, 15.155000000000001, 15.24, 15.1, 15.155000000000001, 14.7, 13.89, 13.66, 12.559999999999999, 12.285, 12.33, 12.08, 11.79, 11.815000000000001, 12.315000000000001, 12.315, 12.655, 11.99, 13.37, 15.024999999999999, 14.855, 12.43, 11.600000000000001, 11.225000000000001, 11.129999999999999, 11.08, 10.530000000000001, 10.04, 9.68, 9.934999999999999, 9.975, 9.805, 9.57, 9.57, 10.024999999999999, 10.365, 10.2, 9.79, 9.65, 9.575, 9.235, 9.26, 9.24, 9.365, 9.184999999999999, 8.870000000000001, 8.785, 8.725, 8.74, 8.65, 8.690000000000001, 8.835, 8.765, 8.735, 8.82, 8.85, 8.835, 9.045, 9.030000000000001, 8.96, 8.969999999999999, 8.74, 8.600000000000001, 8.695, 8.515, 8.465, 8.695, 8.95, 9.235, 9.385, 9.615, 9.594999999999999, 9.56, 9.71, 9.625, 9.645, 9.7, 10.094999999999999, 9.594999999999999, 9.305, 9.155000000000001, 9.125, 9.114999999999998, 9.08, 8.995000000000001, 9.475000000000001, 9.175, 8.705, 9.39, 9.525, 9.25, 9.54, 9.965, 10.21, 10.52, 10.665, 10.51, 10.295000000000002, 10.3, 10.7, 11.07, 11.34, 11.545, 11.530000000000001, 11.65, 11.66, 11.665, 11.725, 11.82, 11.940000000000001, 12.129999999999999, 11.945, 11.879999999999999, 12.024999999999999, 11.805, 11.89, 11.995000000000001, 11.865, 11.555, 11.510000000000002, 11.455, 11.56, 11.515, 11.55, 11.51, 11.445, 11.405000000000001, 11.55, 11.73, 11.735, 11.955, 12.440000000000001, 12.68, 12.55, 11.96, 11.29, 11.24, 11.41, 11.465, 11.115, 11.14, 11.41, 11.14, 11.195, 11.440000000000001, 11.649999999999999, 11.825, 11.665, 11.85, 12.495000000000001, 12.594999999999999, 12.41, 12.875, 13.285, 13.49, 13.93, 13.33, 13.51, 14.065000000000001, 13.315, 12.65, 12.4, 13.77, 13.895, 12.85, 11.815, 10.81, 10.370000000000001, 10.425, 10.305, 10.39, 10.2, 9.64, 9.38, 9.375, 9.65, 9.965, 9.285, 9.335, 9.385000000000002, 9.25, 9.05, 8.920000000000002, 9.129999999999999, 9.495000000000001, 9.27, 9.22, 8.690000000000001,