{"pointStart": 1230764400000, "data": [15.149999999999999, 15.685, 16.52, 16.950000000000003, 16.855, 16.855, 16.735, 16.884999999999998, 16.465, 16.314999999999998, 16.369999999999997, 16.35, 16.22, 16.71, 17.475, 17.75, 17.545, 17.009999999999998, 16.58, 16.384999999999998, 16.44, 16.130000000000003, 16.285, 17.185, 18.455, 18.685000000000002, 18.33, 17.72, 17.075, 16.625, 16.549999999999997, 16.29, 15.895, 15.935, 14.86, 15.0, 14.91, 15.395, 15.33, 14.235, 14.719999999999999, 16.005000000000003, 17.23, 16.07, 15.415, 14.75, 14.440000000000001, 14.315, 13.870000000000001, 13.765, 14.085, 14.53, 12.7, 13.7, 15.38, 15.39, 15.345, 15.3, 15.23, 15.745000000000001, 16.105, 15.719999999999999, 15.335, 15.309999999999999, 15.15, 14.91, 14.92, 15.17, 15.415, 15.305, 15.16, 15.64, 17.08, 17.89, 17.93, 17.84, 17.39, 17.58, 17.645000000000003, 19.07, 18.33, 18.465, 17.509999999999998, 18.509999999999998, 20.745, 21.45, 22.96, 24.095, 24.259999999999998, 22.759999999999998, 22.240000000000002, 22.455, 21.42, 21.28, 22.185000000000002, 21.37, 21.425, 21.085, 19.875, 20.2, 21.64, 19.744999999999997, 18.85, 18.855, 18.86, 17.939999999999998, 16.924999999999997, 16.405, 16.255000000000003, 16.43, 15.905, 16.064999999999998, 15.025, 14.105, 13.565, 13.93, 13.965, 13.47, 13.445, 13.525, 14.325, 14.645, 13.925, 13.83, 14.614999999999998, 14.485, 15.365000000000002, 16.34, 16.21, 16.825, 18.28, 18.92, 18.92, 19.64, 20.405, 19.54, 17.99, 15.695, 17.03, 17.92, 17.625, 18.235, 20.29, 20.965, 20.91, 21.855, 21.885, 23.175, 23.265, 26.1, 28.380000000000003, 30.065, 30.310000000000002, 32.225, 33.455, 34.915, 36.489999999999995, 35.89, 36.825, 38.815, 34.715, 34.78, 37.62, 41.095, 37.095, 33.3, 34.89, 34.120000000000005, 34.239999999999995, 34.92, 31.525, 27.32, 23.71, 24.865, 23.605, 20.055, 18.95, 16.740000000000002, 18.545, 22.32, 22.75, 21.66, 26.31, 27.36, 29.375, 32.315, 32.01, 29.14, 28.255000000000003, 29.59, 29.31, 28.36, 29.880000000000003, 32.745000000000005, 33.825, 31.705000000000002, 30.455, 26.424999999999997, 31.875, 42.065, 43.675, 39.47, 34.47, 34.7, 36.975, 35.405, 36.97, 40.43, 37.445, 37.09, 35.83, 34.175, 36.04, 32.175, 27.535, 28.145, 29.415, 30.26, 32.24, 32.980000000000004, 31.564999999999998, 30.61, 33.135, 33.22, 43.730000000000004, 41.09, 42.425, 37.465, 35.305, 35.160000000000004, 30.585, 31.84, 30.595, 30.405, 27.955, 26.71, 29.884999999999998, 27.75, 28.405, 28.91, 30.405, 30.25, 30.83, 31.235, 28.52, 26.015, 29.46, 30.225, 24.125, 21.98, 21.48, 19.915, 18.27, 17.939999999999998, 17.875, 18.259999999999998, 17.825, 17.560000000000002, 17.17, 16.945, 17.565, 17.409999999999997, 15.565000000000001, 18.395, 17.2, 14.635, 14.2, 14.08, 14.285, 14.385000000000002, 13.015, 11.940000000000001, 11.465, 10.100000000000001, 10.46, 10.78, 10.885000000000002, 10.895, 10.485, 10.440000000000001, 10.59, 10.525, 10.495000000000001, 10.395, 10.985, 11.05, 11.365, 11.45, 11.365, 12.105, 11.965, 12.129999999999999, 12.3, 12.065000000000001, 11.75, 11.5, 11.504999999999999, 11.685, 12.274999999999999, 12.205, 12.17, 11.835, 12.175, 12.129999999999999, 12.625, 12.82, 12.83, 12.645, 12.975, 12.03, 11.335, 10.695, 10.524999999999999, 10.445, 10.23, 10.629999999999999, 11.370000000000001, 11.530000000000001, 10.91, 9.835, 10.405, 9.434999999999999, 11.620000000000001, 14.059999999999999, 14.965, 14.18, 13.645, 15.125, 16.395, 18.325000000000003, 17.805, 15.575000000000001, 17.04, 19.27, 20.93, 19.384999999999998, 16.064999999999998, 15.77, 15.855, 16.055, 15.815000000000001, 15.215, 15.254999999999999, 15.545, 15.68, 14.36, 14.45, 13.855, 13.765, 14.08, 14.094999999999999, 14.09, 13.809999999999999, 14.295, 14.445, 15.02, 15.254999999999999, 15.385, 15.735, 15.59, 15.325, 15.844999999999999, 15.455, 15.195, 15.030000000000001, 14.76, 14.27, 13.845, 14.085, 13.975000000000001, 14.395, 14.715, 14.65, 15.21, 15.79, 15.995000000000001, 16.32, 16.305, 15.504999999999999, 15.51, 15.924999999999999, 14.745000000000001, 13.805, 15.990000000000002, 17.725, 19.04, 17.325000000000003, 14.600000000000001, 15.959999999999999, 16.855, 16.185, 17.42, 17.84, 17.72, 18.215, 17.925, 17.545, 18.15, 19.205, 18.994999999999997, 18.955, 18.4, 20.085, 21.655, 20.75, 21.085, 20.665, 20.875, 22.23, 22.814999999999998, 23.175, 21.165, 18.075, 17.515, 19.59, 20.41, 20.48, 20.155, 18.545, 17.494999999999997, 17.475, 17.695, 17.305, 17.165, 16.82, 16.835, 17.175, 17.285, 17.71, 17.869999999999997, 16.330000000000002, 15.73, 13.420000000000002, 15.579999999999998, 19.055, 16.6, 10.89, 9.969999999999999, 8.385, 7.8100000000000005, 7.42, 6.324999999999999, 6.01, 6.27, 6.595000000000001, 6.625, 6.1899999999999995, 6.505, 6.574999999999999, 6.55, 6.15, 6.84, 7.24, 7.28, 7.705, 7.15, 6.645, 6.65, 6.9399999999999995, 5.970000000000001, 5.13, 4.85, 4.85, 4.279999999999999, 3.98, 3.84, 3.365, 3.215, 3.25, 3.285, 3.0549999999999997, 2.785, 2.62, 2.65, 2.6500000000000004, 2.625, 2.63, 2.59, 2.5700000000000003, 2.59, 2.6500000000000004, 2.7, 2.6500000000000004, 2.635, 2.7249999999999996, 2.645, 2.6399999999999997, 2.67, 2.785, 2.795, 2.635, 2.315, 2.245, 2.245, 2.33, 2.355, 2.375, 2.3200000000000003, 2.38, 2.17, 1.9699999999999998, 1.855, 1.7799999999999998, 2.015, 1.9649999999999999, 1.72, 1.705, 1.545, 1.4, 1.345, 1.305, 1.3050000000000002, 1.33, 1.395, 1.42, 1.415, 1.44, 1.395, 1.37, 1.325, 1.245, 1.245, 1.225, 1.1949999999999998, 1.22, 1.2149999999999999, 1.23, 1.23, 1.23, 1.23, 1.225, 1.24, 1.25, 1.26, 1.22, 1.205, 1.225, 1.26, 1.245, 1.3399999999999999, 1.46, 1.5, 1.4449999999999998, 1.375, 1.38, 1.365, 1.35, 1.365, 1.355, 1.32, 1.3, 1.295, 1.315, 1.3250000000000002, 1.33, 1.38, 1.385, 1.415, 1.3900000000000001, 1.2799999999999998, 1.19, 1.19, 1.205, 1.185, 1.185, 1.21, 1.21, 1.185, 1.2999999999999998, 1.43, 1.4249999999999998, 1.46, 1.3900000000000001, 1.535, 1.6749999999999998, 1.6400000000000001, 1.505, 1.4100000000000001, 1.425, 1.455, 1.525, 1.2850000000000001, 1.08, 1.05, 1.0550000000000002, 1.095, 1.085, 1.065, 1.12, 1.145, 1.165, 1.135, 1.0350000000000001, 1.03094, 1.065, 1.0467975, 0.9799835, 0.9542315, 0.9291095, 0.9100005, 0.8374215, 0.8187795, 0.818562, 0.8032695, 0.7950765, 0.8056905, 0.7708385, 0.7885074999999999, 0.7750255, 0.7691455, 0.7553479999999999, 0.7519750000000001, 0.7713760000000001, 0.787478, 0.8118844999999999, 0.8126275000000001, 0.7775395, 0.8295005, 0.8538905, 0.853363, 0.8664245, 0.865432, 0.884564, 0.9017005, 0.9186354999999999, 0.9071705, 0.897993, 0.9119820000000001, 0.9225924999999999, 0.919802, 0.9270670000000001, 0.924768, 0.936061, 0.9638825, 1.005587, 1.00905, 0.9455675, 0.901988, 0.888559, 0.8876495, 0.9140195, 0.9200185, 0.9225915, 0.9713235, 1.013915, 1.025, 1.025, 1.04, 1.04, 1.04, 1.045, 1.05, 1.0550000000000002, 1.05, 1.135, 1.100371, 0.9944299999999999, 0.9985325, 1.0178355, 1.0550000000000002, 1.13, 1.16, 1.18, 1.18, 1.165, 1.1749999999999998, 1.1949999999999998, 1.18, 1.1949999999999998, 1.205, 1.2149999999999999, 1.255, 1.255, 1.2349999999999999, 1.19, 1.21, 1.23, 1.2349999999999999, 1.255, 1.23, 1.24, 1.26, 1.3050000000000002, 1.335, 1.315, 1.3050000000000002, 1.29, 1.28, 1.31, 1.33, 1.38, 1.42, 1.4, 1.475, 1.46, 1.475, 1.48, 1.3900000000000001, 1.3599999999999999, 1.425, 1.33, 1.225, 1.23, 1.2850000000000001, 1.3250000000000002, 1.405, 1.3900000000000001, 1.355, 1.54, 1.62, 1.6800000000000002, 1.7349999999999999, 1.73, 1.71, 1.7149999999999999, 1.795, 1.85, 1.915, 1.925, 1.875, 1.9449999999999998, 1.775, 1.8399999999999999, 2.005, 2.215, 2.4000000000000004, 2.715, 2.44, 2.4299999999999997, 2.7800000000000002, 2.92, 2.06, 1.7349999999999999, 1.63, 1.675, 1.645, 1.8599999999999999, 1.725179, 0.692654, 0.8483480000000001], "pointInterval": 3600000, "prediction": 15.057648452696723, "dataLength": 740}