{"pointStart": 1230764400000, "data": [77.075, 78.565, 79.875, 82.655, 84.29499999999999, 83.72999999999999, 83.63, 85.60499999999999, 87.66499999999999, 85.61000000000001, 84.18, 83.75, 82.96000000000001, 84.55000000000001, 87.31, 89.84, 86.655, 81.405, 77.83500000000001, 76.86000000000001, 77.27000000000001, 76.95, 78.435, 78.13, 82.005, 84.43, 83.45, 82.96, 84.605, 86.57, 87.005, 82.47999999999999, 79.985, 81.095, 76.67500000000001, 77.74000000000001, 78.6, 79.675, 82.54499999999999, 78.84, 84.0, 89.26, 97.61500000000001, 97.58500000000001, 99.11, 96.86, 97.095, 96.16, 98.35499999999999, 98.015, 96.12, 103.715, 106.485, 110.82, 119.38499999999999, 120.33, 121.4, 120.35, 119.225, 122.53, 124.87, 121.425, 118.66, 118.61500000000001, 119.19999999999999, 116.43, 115.28, 117.91999999999999, 120.06, 121.00999999999999, 120.13, 123.34, 131.965, 136.785, 137.055, 135.685, 133.375, 136.56, 137.965, 143.975, 144.11, 142.45, 138.505, 142.08999999999997, 154.84, 156.11, 163.07, 165.425, 174.53, 174.99, 164.16, 157.505, 149.935, 146.24, 150.97500000000002, 152.26, 149.53500000000003, 149.76, 148.23, 153.84, 159.255, 149.72, 148.76999999999998, 149.395, 149.78, 142.91500000000002, 136.615, 134.18, 128.935, 129.355, 127.055, 128.55, 121.445, 116.21000000000001, 113.96000000000001, 117.875, 117.25, 116.24, 116.36000000000001, 117.88, 125.595, 127.51499999999999, 118.07, 114.175, 120.025, 117.58000000000001, 123.27000000000001, 135.57999999999998, 142.7, 152.055, 160.12, 164.14, 162.54500000000002, 166.71, 170.94, 165.06, 157.35500000000002, 147.085, 158.14, 165.125, 159.405, 168.09, 177.065, 184.61, 182.975, 185.595, 175.17000000000002, 182.16, 187.46, 201.83499999999998, 212.615, 209.74, 213.64999999999998, 209.005, 208.12, 213.11, 220.025, 226.57999999999998, 213.96, 209.095, 200.1, 207.29000000000002, 222.17000000000002, 238.20499999999998, 221.175, 223.55, 229.52499999999998, 224.21, 224.52499999999998, 188.905, 157.94, 156.725, 149.17000000000002, 159.235, 153.285, 144.71, 144.71, 126.525, 135.835, 156.745, 143.36, 123.955, 148.68, 162.36, 172.275, 186.81, 188.05, 179.015, 174.985, 180.885, 180.0, 176.01999999999998, 181.065, 197.94, 204.485, 194.505, 191.925, 169.39999999999998, 192.555, 238.885, 252.56, 250.04, 234.20499999999998, 239.025, 242.455, 249.34, 263.365, 293.73, 286.26, 247.015, 236.245, 251.935, 246.31, 229.415, 225.8, 226.815, 248.185, 252.28, 277.68, 280.885, 278.18, 271.025, 287.155, 253.89, 319.635, 329.115, 355.48, 331.46500000000003, 317.18499999999995, 300.015, 283.815, 288.49, 314.64, 275.70000000000005, 186.315, 142.89499999999998, 149.07, 114.235, 96.805, 101.065, 103.07, 100.38499999999999, 102.245, 101.055, 92.07499999999999, 85.81, 93.19, 93.185, 89.59, 86.47999999999999, 83.445, 75.39, 73.65, 71.065, 70.32, 71.855, 70.78999999999999, 67.74, 68.45, 67.71000000000001, 64.115, 62.34, 60.805, 59.86, 61.475, 61.405, 64.285, 62.42999999999999, 59.400000000000006, 55.06, 55.055, 55.655, 55.285, 53.065, 54.46, 56.254999999999995, 57.394999999999996, 56.120000000000005, 55.35, 55.7, 56.215, 55.335, 56.195, 54.82, 57.545, 58.675, 60.22, 60.0, 57.769999999999996, 61.775000000000006, 64.515, 66.32, 62.394999999999996, 58.400000000000006, 55.489999999999995, 50.730000000000004, 50.765, 50.93, 53.385, 52.195, 52.065, 51.155, 51.94, 52.59, 54.019999999999996, 54.394999999999996, 53.925, 52.29, 55.04, 54.06, 52.39, 50.004999999999995, 48.395, 48.239999999999995, 47.14, 48.99, 52.54, 53.465, 52.07, 47.5, 49.644999999999996, 41.34, 51.84, 61.765, 67.055, 64.3, 61.505, 66.78, 71.97999999999999, 78.325, 76.075, 65.745, 68.985, 78.22, 82.15, 78.71000000000001, 68.16, 62.55499999999999, 62.275, 62.394999999999996, 58.04, 51.355000000000004, 50.985, 51.735, 50.629999999999995, 46.69, 47.185, 46.15, 45.43, 45.725, 44.305, 43.815, 44.065, 45.97, 46.2, 46.955, 46.864999999999995, 47.504999999999995, 48.69499999999999, 47.58, 45.8, 46.2, 45.2, 43.265, 42.650000000000006, 42.64, 42.425, 41.49, 40.94, 40.040000000000006, 39.205, 42.004999999999995, 41.665000000000006, 42.93, 44.05, 44.79, 46.125, 45.985, 43.205, 42.49, 43.4, 41.620000000000005, 39.175, 40.295, 43.64, 47.22, 46.57, 45.519999999999996, 47.635000000000005, 51.42, 48.71, 48.385000000000005, 51.66, 53.315, 50.99, 44.685, 40.535, 39.525, 40.96, 41.59, 41.394999999999996, 38.795, 40.95, 44.635, 45.724999999999994, 47.845, 47.36, 46.974999999999994, 48.61, 49.269999999999996, 44.935, 42.739999999999995, 32.625, 28.84, 30.69, 29.985, 30.515, 31.86, 30.125, 30.105, 29.11, 29.525, 30.295, 29.54, 27.445, 27.9, 28.814999999999998, 27.46, 24.375, 25.08, 24.485, 24.09, 22.765, 26.939999999999998, 32.54, 33.435, 28.52, 25.384999999999998, 27.235, 27.68, 27.595, 27.065, 23.375, 24.075, 27.060000000000002, 29.119999999999997, 27.215, 29.525, 30.47, 34.275, 29.125, 29.034999999999997, 29.785, 27.04, 25.635, 23.275, 18.735, 15.690000000000001, 15.625, 15.77, 15.065, 14.42, 14.235, 15.175, 14.835, 14.15, 13.68, 12.09, 10.85, 10.125, 9.969999999999999, 10.455, 10.785, 10.785, 10.6, 10.094999999999999, 10.35, 9.945, 8.969999999999999, 8.695, 9.219999999999999, 9.84, 9.875, 10.555, 9.69, 8.245000000000001, 7.94, 7.295, 6.645, 6.46, 5.595000000000001, 4.145, 4.119999999999999, 4.09, 4.0649999999999995, 4.045, 4.035, 3.96, 3.95, 4.01, 3.9699999999999998, 3.965, 4.01, 4.135, 4.24, 4.09, 4.09, 4.04, 3.82, 3.795, 3.8049999999999997, 3.8, 3.785, 3.855, 3.895, 3.87, 3.8899999999999997, 3.95, 3.9450000000000003, 3.785, 3.79, 3.815, 3.825, 3.835, 3.8499999999999996, 3.825, 3.8099999999999996, 3.78, 3.7649999999999997, 3.765, 3.8049999999999997, 3.8049999999999997, 3.8, 3.79, 3.74, 3.7350000000000003, 3.775, 3.785, 3.755, 3.895, 4.025, 4.0600000000000005, 4.0600000000000005, 4.045, 4.06, 4.075, 4.055, 4.08, 4.06, 3.9399999999999995, 3.8499999999999996, 3.855, 3.835, 3.775, 3.745, 3.8099999999999996, 3.84, 3.87, 3.9050000000000002, 3.875, 3.87, 3.865, 3.9000000000000004, 3.915, 3.915, 3.91, 3.88, 3.8999999999999995, 4.22, 4.484999999999999, 4.1450000000000005, 3.96, 3.785, 4.095, 4.59, 4.734999999999999, 4.645, 4.61, 4.425, 4.345000000000001, 4.425, 4.57, 4.58, 4.455, 4.375, 4.395, 4.595, 4.1850000000000005, 3.705, 3.67, 3.6500000000000004, 3.665, 3.685, 3.66, 3.63, 3.625, 3.625, 3.675, 3.645, 3.66, 3.67, 3.6950000000000003, 3.665, 3.57, 3.5250000000000004, 3.625, 3.925, 3.93, 3.94, 3.9050000000000002, 3.9, 3.885, 3.895, 3.9, 3.9050000000000002, 3.9050000000000002, 3.92, 3.9450000000000003, 3.9400000000000004, 3.94, 3.935, 3.96, 3.9699999999999998, 4.005, 3.965, 3.91, 3.875, 3.8, 3.79, 3.82, 3.84, 3.875, 3.84, 3.84, 3.88, 3.89, 3.855, 3.995, 4.09, 4.07, 4.015, 4.06, 4.035, 3.995, 4.01, 3.935, 3.895, 3.895, 3.915, 3.855, 3.795, 3.795, 3.82, 4.03, 3.8899999999999997, 3.895, 3.89, 3.9050000000000002, 3.835, 3.795, 3.815, 3.8049999999999997, 3.83, 3.855, 3.8449999999999998, 3.8449999999999998, 3.84, 3.83, 3.84, 3.8499999999999996, 3.8499999999999996, 3.835, 3.8449999999999998, 3.85, 3.855, 3.835, 3.795, 3.82, 3.79, 3.815, 3.815, 3.84, 4.01, 3.95, 3.8099999999999996, 3.815, 3.82, 3.835, 3.83, 3.83, 3.92, 3.9699999999999998, 3.975, 3.985, 4.04, 3.97, 4.0, 3.96, 3.8600000000000003, 3.825, 3.8200000000000003, 3.795, 3.785, 3.765, 3.745, 3.7800000000000002, 3.8200000000000003, 3.825, 3.895, 3.835, 3.63, 3.615, 3.615, 3.6100000000000003, 3.62, 3.62, 3.615, 3.625, 3.665, 3.715, 3.7199999999999998, 3.6950000000000003, 3.765, 3.76, 3.775, 3.7800000000000002, 3.7350000000000003, 3.72, 3.73, 3.665, 3.705, 3.96, 4.025, 4.074999999999999, 4.029999999999999, 3.975, 3.96, 3.99, 4.055, 4.0600000000000005, 4.045, 4.085, 4.125, 4.135, 4.154999999999999, 4.17, 4.17, 4.135, 4.165, 4.15, 4.154999999999999, 4.15, 4.125, 4.105, 4.105, 4.155, 4.24, 4.465, 4.46, 4.375, 4.425000000000001, 4.425000000000001, 4.255, 4.125, 4.0649999999999995, 4.125, 4.095000000000001, 4.105, 4.18, 4.09, 3.71, 4.4, 4.995, 5.449999999999999, 5.57, 5.59, 5.615, 5.455, 5.175000000000001, 5.205, 5.35, 5.255, 4.925, 4.779999999999999, 4.725, 4.74, 4.85, 4.89, 4.8149999999999995,