{"pointStart": 1230764400000, "data": [29.15, 29.625, 30.905, 32.66, 33.84, 33.3, 33.145, 34.13, 34.31, 33.405, 33.33, 33.84, 33.795, 34.6, 36.815, 38.66, 37.89, 35.09, 33.08, 32.614999999999995, 32.935, 32.335, 33.394999999999996, 35.085, 38.004999999999995, 40.305, 37.895, 38.845, 41.155, 38.745000000000005, 36.91, 33.925, 30.685000000000002, 30.775, 28.685000000000002, 29.380000000000003, 30.095, 30.979999999999997, 31.665, 31.815, 33.92, 35.129999999999995, 38.57, 38.975, 40.095, 38.915, 38.785, 37.995000000000005, 39.57, 39.835, 39.53, 43.775, 44.59, 47.865, 52.27, 52.955, 54.085, 53.68, 53.52, 54.855000000000004, 56.825, 56.084999999999994, 54.52, 52.5, 51.92, 50.695, 50.510000000000005, 52.115, 52.935, 54.135, 52.9, 54.805, 59.8, 63.4, 61.260000000000005, 59.394999999999996, 58.635000000000005, 60.2, 61.625, 65.94, 66.21000000000001, 66.225, 63.34, 65.93, 73.575, 75.055, 78.555, 80.045, 84.33, 85.115, 85.13, 86.77000000000001, 84.11500000000001, 82.09, 88.81, 84.555, 75.31, 74.99000000000001, 73.525, 75.805, 80.34, 75.725, 75.1, 75.39, 76.015, 72.875, 69.535, 67.755, 67.58500000000001, 67.33, 63.6, 64.83, 60.809999999999995, 55.89, 51.435, 53.015, 47.864999999999995, 46.32, 46.035, 46.85, 50.290000000000006, 51.38, 48.545, 47.945, 51.44, 51.34, 54.425, 57.730000000000004, 56.265, 60.925000000000004, 65.655, 67.985, 66.765, 70.995, 74.655, 73.575, 68.09, 58.045, 65.065, 68.69999999999999, 69.22, 77.065, 85.28999999999999, 88.62, 87.4, 89.975, 87.315, 96.505, 102.34, 109.25, 115.94, 120.56, 124.80000000000001, 126.44500000000001, 131.36, 138.34, 139.635, 127.505, 117.28, 120.65, 117.35499999999999, 119.41, 124.14500000000001, 134.935, 132.61, 131.135, 134.61, 125.28, 122.275, 116.945, 111.785, 110.015, 104.98, 113.91499999999999, 113.245, 110.53, 106.72, 87.04499999999999, 92.36, 113.02000000000001, 117.09, 110.57499999999999, 131.215, 140.75, 156.94, 159.8, 146.99, 138.20999999999998, 133.82999999999998, 140.76, 131.135, 119.94500000000001, 125.08, 138.215, 147.92000000000002, 141.56, 144.67000000000002, 124.42999999999999, 146.13, 172.125, 156.375, 135.32999999999998, 115.89500000000001, 113.495, 119.155, 115.855, 99.64, 103.86, 97.515, 97.91, 102.72, 96.225, 87.77000000000001, 76.705, 72.85, 68.78, 68.97999999999999, 62.58, 66.58500000000001, 65.33, 63.38, 55.905, 62.035, 57.835, 73.265, 70.3, 74.345, 72.51, 60.730000000000004, 49.595, 47.185, 49.025, 43.28, 38.3, 34.945, 34.15, 36.925, 34.870000000000005, 35.285, 36.625, 40.805, 39.81, 37.275000000000006, 35.56, 33.8, 32.535, 35.335, 38.8, 40.114999999999995, 38.345, 37.230000000000004, 34.58, 35.394999999999996, 35.715, 35.269999999999996, 39.39, 41.055, 42.185, 34.72, 29.205, 29.42, 29.03, 27.78, 26.88, 28.665, 29.589999999999996, 31.8, 29.915, 26.07, 26.38, 26.255, 26.84, 25.645, 24.82, 27.560000000000002, 29.455, 28.6, 27.905, 28.08, 28.490000000000002, 28.725, 29.325, 29.725, 27.54, 28.29, 27.16, 28.615000000000002, 29.22, 30.11, 30.18, 28.015, 27.689999999999998, 28.549999999999997, 28.16, 28.985, 30.265, 29.634999999999998, 29.785, 34.12, 34.724999999999994, 33.275, 31.145000000000003, 32.56, 34.4, 36.955, 33.825, 31.345, 28.27, 30.185, 30.175, 25.880000000000003, 23.439999999999998, 19.855, 19.445, 18.15, 18.285, 20.08, 20.375, 20.46, 19.5, 20.740000000000002, 16.22, 17.85, 19.545, 21.73, 22.835, 21.505000000000003, 23.09, 26.5, 27.044999999999998, 22.310000000000002, 21.39, 23.92, 30.615, 31.68, 31.22, 33.845, 32.775000000000006, 34.575, 38.845, 39.325, 39.11, 41.019999999999996, 40.72, 39.64, 33.885000000000005, 36.215, 39.405, 38.81, 36.239999999999995, 42.625, 47.965, 43.755, 48.405, 43.975, 33.91, 33.355000000000004, 29.9, 19.700000000000003, 17.465, 17.299999999999997, 14.805, 12.594999999999999, 10.595, 9.379999999999999, 8.005, 7.58, 7.225, 7.12, 7.109999999999999, 7.404999999999999, 7.535, 7.085, 7.68, 8.5, 8.344999999999999, 8.215, 7.5, 6.68, 5.94, 5.9, 5.4399999999999995, 5.05, 5.265000000000001, 5.855, 6.43, 5.880000000000001, 5.470000000000001, 6.27, 7.245, 6.77, 7.3149999999999995, 8.015, 7.945, 8.129999999999999, 8.0, 7.63, 8.49, 9.3, 8.99, 7.59, 6.175, 5.32, 6.0600000000000005, 6.68, 6.605, 8.705, 9.01, 9.83, 8.635, 4.365, 3.44, 2.265, 1.69, 1.81, 1.6800000000000002, 1.545, 1.625, 1.7999999999999998, 1.46, 1.275, 1.315, 1.2850000000000001, 1.3, 1.27, 1.255, 1.29, 1.155, 1.0232655, 1.0502865, 0.9240875, 0.942416, 0.8141225000000001, 0.957055, 1.375, 1.381722, 0.79846, 0.705883, 0.6817655, 0.641869, 0.6110015, 0.533392, 0.492872, 0.463559, 0.473725, 0.48205699999999996, 0.471406, 0.4889285, 0.475982, 0.4951575, 0.45441549999999997, 0.514846, 0.5537245, 0.5639995, 0.5232775000000001, 0.41747, 0.3288335, 0.3031135, 0.31562599999999996, 0.31570149999999997, 0.255849, 0.2153455, 0.1951715, 0.18399700000000002, 0.175448, 0.1702535, 0.177961, 0.18091400000000002, 0.180068, 0.18483, 0.18439899999999998, 0.1842895, 0.1860015, 0.1922865, 0.192513, 0.1922275, 0.193051, 0.195961, 0.20073449999999998, 0.203441, 0.188669, 0.191036, 0.1887285, 0.18734450000000002, 0.18765300000000001, 0.1918145, 0.2010455, 0.2035185, 0.2002965, 0.205229, 0.2140075, 0.2156125, 0.20817249999999998, 0.1761795, 0.1669075, 0.1624315, 0.1686555, 0.1666985, 0.169513, 0.159221, 0.1560695, 0.156169, 0.1561435, 0.1444915, 0.13109949999999998, 0.134466, 0.132116, 0.1340555, 0.13752150000000002, 0.136379, 0.13102999999999998, 0.1274585, 0.12247849999999999, 0.1202415, 0.12141550000000001, 0.1200965, 0.1216245, 0.121524, 0.12553550000000002, 0.12445700000000001, 0.115789, 0.11413100000000001, 0.1099565, 0.11630750000000001, 0.1112995, 0.1184625, 0.120099, 0.1207115, 0.12194150000000001, 0.121249, 0.124939, 0.12275349999999999, 0.11933099999999999, 0.11606749999999999, 0.1181845, 0.1279125, 0.12744, 0.12482099999999999, 0.124843, 0.12552, 0.1277865, 0.1318945, 0.1319345, 0.13570500000000002, 0.140207, 0.13931749999999998, 0.1411305, 0.1455825, 0.1490585, 0.1471245, 0.1369565, 0.1315805, 0.1320355, 0.128235, 0.12234500000000001, 0.120932, 0.1209445, 0.1145915, 0.12104699999999999, 0.11801500000000001, 0.12002499999999999, 0.119361, 0.11859349999999999, 0.121293, 0.124573, 0.12011949999999999, 0.1190725, 0.11669550000000001, 0.12387599999999999, 0.1313315, 0.12566850000000002, 0.131264, 0.1304325, 0.13505250000000002, 0.1352795, 0.1386335, 0.1434675, 0.1447935, 0.143508, 0.14577099999999998, 0.14248149999999998, 0.1460105, 0.1540155, 0.16566350000000002, 0.16185549999999999, 0.147542, 0.144313, 0.144576, 0.1662335, 0.143791, 0.1196175, 0.11433, 0.109168, 0.108654, 0.114017, 0.1168605, 0.124147, 0.131253, 0.13116, 0.1244755, 0.128488, 0.133311, 0.1367, 0.13876, 0.1387565, 0.14273200000000003, 0.149748, 0.1402545, 0.1420945, 0.1417025, 0.1456735, 0.1547605, 0.170827, 0.176282, 0.1797645, 0.181774, 0.176141, 0.16971750000000002, 0.1708085, 0.172187, 0.166429, 0.17245850000000001, 0.1830945, 0.1698345, 0.165873, 0.1783495, 0.1823995, 0.16827799999999998, 0.17295, 0.1734255, 0.167195, 0.1617435, 0.1669495, 0.1586705, 0.16246, 0.169016, 0.1759675, 0.176979, 0.2054505, 0.221717, 0.20342949999999999, 0.177042, 0.1637425, 0.14181100000000002, 0.13223200000000002, 0.14547100000000002, 0.207569, 0.08828949999999999, 0.0809465, 0.088007, 0.0831025, 0.101257, 0.15843949999999998, 0.234426, 0.1840155, 0.1832875, 0.185446, 0.1836505, 0.18078499999999997, 0.18464750000000002, 0.1884835, 0.191299, 0.19195099999999998, 0.2044505, 0.191369, 0.23569649999999998, 0.2347325, 0.182251, 0.185019, 0.18969750000000002, 0.200717, 0.1873885, 0.1918355, 0.19862249999999998, 0.1912245, 0.2091925, 0.208672, 0.2343465, 0.2594165, 0.28068, 0.3111195, 0.3230045, 0.358044, 0.40602649999999996, 0.40810500000000005, 0.369206, 0.345074, 0.322001, 0.338429, 0.368557, 0.38562450000000004, 0.46505149999999995, 0.370154], "pointInterval": 3600000, "prediction": 29.52555791335117, "dataLength": 693}