{"pointStart": 1230764400000, "data": [5.765000000000001, 5.965, 6.36, 6.75, 6.88, 6.945, 6.92, 7.07, 7.09, 6.975, 7.055, 7.105, 6.865, 7.145, 7.785, 8.055, 7.5600000000000005, 7.135, 6.8100000000000005, 6.8100000000000005, 6.945, 6.725, 6.84, 7.15, 7.535, 8.094999999999999, 7.95, 8.045, 8.17, 8.17, 8.335, 8.24, 7.945, 7.425000000000001, 6.99, 7.135, 7.22, 7.57, 7.815, 7.73, 8.17, 8.545, 9.065000000000001, 9.094999999999999, 9.36, 9.285, 9.175, 9.17, 9.195, 9.22, 8.98, 9.565, 9.65, 10.05, 10.995000000000001, 11.25, 11.52, 11.08, 11.06, 11.465, 11.925, 11.27, 10.605, 10.59, 10.41, 10.155000000000001, 10.1, 10.53, 10.855, 11.045, 10.780000000000001, 10.865, 12.190000000000001, 12.73, 12.825, 12.625, 12.445, 12.934999999999999, 13.190000000000001, 14.0, 13.955, 14.04, 13.370000000000001, 14.23, 15.850000000000001, 16.035, 16.355, 16.375, 17.064999999999998, 17.634999999999998, 17.689999999999998, 17.91, 16.990000000000002, 16.575, 17.435, 17.8, 17.805, 18.215, 18.28, 16.46, 17.215, 15.55, 15.510000000000002, 15.375, 15.825, 15.435, 14.754999999999999, 14.95, 14.395, 14.09, 13.47, 13.855, 10.835, 9.530000000000001, 9.100000000000001, 9.370000000000001, 9.45, 9.36, 9.129999999999999, 8.870000000000001, 8.844999999999999, 9.245000000000001, 8.73, 7.97, 8.445, 8.335, 9.075, 9.96, 9.88, 10.2, 10.905000000000001, 11.395, 11.059999999999999, 11.585, 12.105, 11.594999999999999, 10.754999999999999, 9.485, 10.54, 11.33, 11.035, 12.545, 13.56, 14.155000000000001, 13.915, 14.305, 13.43, 14.32, 15.085, 16.384999999999998, 17.619999999999997, 17.785, 18.369999999999997, 18.59, 19.205, 19.775, 19.35, 17.25, 16.9, 17.475, 16.895, 17.34, 18.465, 18.955, 17.345, 17.380000000000003, 18.165, 17.130000000000003, 15.850000000000001, 14.345, 12.685, 12.465, 11.865, 12.905000000000001, 12.385000000000002, 11.57, 11.36, 9.39, 10.715, 12.940000000000001, 13.25, 12.254999999999999, 14.6, 15.004999999999999, 16.265, 16.695, 16.53, 16.28, 16.755, 17.895000000000003, 16.990000000000002, 15.46, 16.09, 18.075, 19.29, 18.009999999999998, 18.305, 15.66, 18.205, 23.54, 24.025, 24.365000000000002, 22.015, 21.58, 23.65, 24.515, 24.520000000000003, 21.845, 18.94, 19.259999999999998, 20.785, 20.025, 20.485, 19.619999999999997, 18.535, 14.795, 15.625, 14.1, 15.0, 15.385, 14.905, 13.184999999999999, 14.295, 13.600000000000001, 17.48, 17.53, 19.315, 16.695, 15.705000000000002, 13.405000000000001, 10.875, 11.030000000000001, 10.605, 9.665, 8.655, 8.175, 8.765, 8.155000000000001, 8.425, 9.315, 10.16, 9.825, 9.5, 9.185, 8.405000000000001, 7.945, 8.355, 9.495000000000001, 9.004999999999999, 8.495000000000001, 8.274999999999999, 7.59, 7.945, 7.78, 7.8149999999999995, 7.99, 7.9350000000000005, 8.02, 7.41, 7.41, 7.674999999999999, 7.58, 7.15, 6.73, 7.21, 7.4350000000000005, 8.004999999999999, 7.345, 6.415, 6.449999999999999, 6.33, 6.574999999999999, 6.465, 6.109999999999999, 6.505, 7.0649999999999995, 7.265000000000001, 7.295, 7.355, 7.77, 7.640000000000001, 7.85, 8.04, 7.390000000000001, 7.57, 7.225, 7.6, 7.88, 7.87, 7.965, 7.85, 7.955, 8.185, 8.33, 8.855, 8.77, 7.835000000000001, 7.5649999999999995, 8.115, 8.415, 8.690000000000001, 8.600000000000001, 8.934999999999999, 8.899999999999999, 9.530000000000001, 9.86, 9.975, 9.885, 10.775, 10.145, 9.98, 9.505, 8.825, 8.895, 8.445, 8.57, 9.53, 10.355, 10.61, 9.645, 9.995000000000001, 8.48, 9.365, 10.625, 12.33, 11.535, 11.530000000000001, 11.55, 12.025, 12.149999999999999, 11.145, 9.44, 8.93, 10.504999999999999, 10.975000000000001, 12.075, 11.43, 10.485, 9.035, 8.54, 8.2, 8.09, 8.25, 8.18, 8.120000000000001, 7.359999999999999, 7.97, 8.004999999999999, 7.175, 7.385, 8.879999999999999, 7.845, 6.605, 6.8149999999999995, 6.445, 6.615, 6.609999999999999, 4.87, 3.4699999999999998, 3.415, 2.94, 3.105, 3.2350000000000003, 2.365, 1.7, 1.3399999999999999, 1.275, 1.2149999999999999, 1.25, 1.2000000000000002, 1.255, 1.305, 1.195, 1.335, 1.46, 1.220377, 0.8131269999999999, 0.70972, 0.6568755, 0.6830965, 0.7302065, 0.488989, 0.4070185, 0.5427535, 0.637819], "pointInterval": 3600000, "prediction": 5.675027409372243, "dataLength": 385}