{"pointStart": 1230764400000, "data": [0.032159, 0.032932, 0.035025, 0.0374045, 0.038644, 0.036387, 0.0361285, 0.036979, 0.0375345, 0.03589, 0.0350765, 0.035701, 0.0351525, 0.0362475, 0.03848, 0.0411035, 0.038350999999999996, 0.0358495, 0.0340605, 0.0332475, 0.0333665, 0.0324845, 0.033705, 0.034435999999999994, 0.036473000000000005, 0.037817, 0.037220500000000004, 0.036613, 0.038586499999999996, 0.038854, 0.039617, 0.038758, 0.0378275, 0.038586999999999996, 0.0361635, 0.038025, 0.0386875, 0.0403555, 0.0423595, 0.041445, 0.043626, 0.04559, 0.0488305, 0.047389, 0.0479575, 0.043588, 0.043081499999999995, 0.042747, 0.044303999999999996, 0.043149, 0.041679, 0.0458275, 0.047406000000000004, 0.051498, 0.058189000000000005, 0.057792, 0.05937, 0.0595425, 0.05908, 0.0603735, 0.0620855, 0.060488, 0.05901, 0.0617255, 0.0641805, 0.061665, 0.0654785, 0.07141549999999999, 0.07340350000000001, 0.07137299999999999, 0.0715435, 0.0722535, 0.078741, 0.0810545, 0.0733355, 0.069091, 0.0672535, 0.069849, 0.068127, 0.07058700000000001, 0.07339, 0.07249649999999999, 0.066136, 0.0705575, 0.07738249999999999, 0.08093349999999999, 0.0833975, 0.0823415, 0.0845025, 0.088531, 0.084975, 0.0879855, 0.0916055, 0.090526, 0.0936495, 0.0855075, 0.079015, 0.07549700000000001, 0.070658, 0.07392950000000001, 0.067345, 0.055465, 0.0531735, 0.05317, 0.050935999999999995, 0.0493585, 0.0447585, 0.042050000000000004, 0.042062, 0.041646, 0.040041, 0.040725, 0.037554500000000005, 0.036747, 0.036088499999999996, 0.036162, 0.0377095, 0.037206, 0.0399785, 0.039578, 0.032437, 0.034649, 0.033388, 0.0317245, 0.038281, 0.042368, 0.046806, 0.046052499999999996, 0.0433015, 0.042954000000000006, 0.0472365, 0.04704, 0.038108500000000003, 0.0367995, 0.038194, 0.0358915, 0.030607999999999996, 0.026251999999999998, 0.0291555, 0.0300995, 0.0297735, 0.033280000000000004, 0.0358235, 0.037076, 0.0364065, 0.036333000000000004, 0.0341155, 0.037436, 0.039857500000000004, 0.0455965, 0.0471475, 0.0484185, 0.050244, 0.052034, 0.045796, 0.043545, 0.042143, 0.040947, 0.0403555, 0.042491, 0.0413455, 0.042868500000000004, 0.045585, 0.049317, 0.051031999999999994, 0.0520095, 0.0529415, 0.0497305, 0.046772, 0.044885499999999995, 0.0444905, 0.045048000000000005, 0.044315, 0.050361, 0.041459499999999996, 0.0353575, 0.035431000000000004, 0.031039999999999998, 0.033479, 0.0410345, 0.041208999999999996, 0.038566500000000004, 0.050862, 0.052045, 0.0578505, 0.064941, 0.067962, 0.0671995, 0.0657075, 0.0703515, 0.0706295, 0.068463, 0.07332, 0.0770595, 0.08466599999999999, 0.080564, 0.0922035, 0.0644805, 0.0584605, 0.082809, 0.09372, 0.1096605, 0.108905, 0.114126, 0.117106, 0.13121549999999998, 0.1683885, 0.172676, 0.1876605, 0.2385375, 0.15601700000000002, 0.08150450000000001, 0.0695295, 0.048106499999999996, 0.0399695, 0.0349565, 0.0389595, 0.037115999999999996, 0.0383435, 0.039155499999999996, 0.037544, 0.0425035, 0.046519000000000005, 0.034493, 0.055320999999999995, 0.042776, 0.047052, 0.039773, 0.037993, 0.027866000000000002, 0.016507, 0.017589, 0.012458499999999999, 0.006289, 0.0048325, 0.0040595, 0.004547, 0.0042065, 0.004391, 0.0030724999999999997, 0.002121, 0.0021089999999999998, 0.002119, 0.0021219999999999998, 0.002152, 0.0021655, 0.0022725, 0.0021905, 0.002117, 0.0020805, 0.002051, 0.002066, 0.002236, 0.002331, 0.0021019999999999997, 0.0020889999999999997, 0.002032, 0.0019745, 0.002069, 0.0020805, 0.0023439999999999997, 0.0023145, 0.0019585, 0.0018449999999999999, 0.002094, 0.0021695, 0.0023615, 0.002265, 0.0021809999999999998, 0.0021815, 0.0022094999999999997, 0.002224, 0.0022440000000000003, 0.0023825, 0.0026195000000000003, 0.002971, 0.0028045, 0.003059, 0.002959, 0.002998, 0.002818, 0.002961, 0.0025434999999999998, 0.0024584999999999997, 0.002456, 0.002097, 0.0020134999999999997, 0.002012, 0.001968, 0.002075, 0.0021725, 0.002269, 0.0022925, 0.002266, 0.0023725, 0.0024055, 0.002124, 0.002331, 0.0025900000000000003, 0.0032064999999999997, 0.0030845, 0.003215, 0.0029604999999999996, 0.002657, 0.0024725, 0.0020375000000000002, 0.002192, 0.00223, 0.0026449999999999998, 0.002577, 0.0018614999999999999, 0.0035605, 0.0022565, 0.0021349999999999997, 0.002012, 0.002554, 0.002619, 0.012492000000000001, 0.002986, 0.00283, 0.009521, 0.001461, 0.0018885, 0.002079], "pointInterval": 3600000, "prediction": 0.030596512290008916, "dataLength": 324}